DEPRECATED: The legacy builder is deprecated and will be removed in a future release.
            Install the buildx component to build images with BuildKit:
            https://docs.docker.com/go/buildx/

Sending build context to Docker daemon  3.144MB
Step 1/25 : FROM judge0/compilers:3-6-2026 AS production
 ---> 6b8559f28d8e
Step 2/25 : ENV JUDGE0_HOMEPAGE "https://judge0.com"
 ---> Running in 4d17369a00a6
 ---> Removed intermediate container 4d17369a00a6
 ---> a8c16912b90d
Step 3/25 : LABEL homepage=$JUDGE0_HOMEPAGE
 ---> Running in 0d19ffce5c14
 ---> Removed intermediate container 0d19ffce5c14
 ---> 887445d8fc1f
Step 4/25 : ENV JUDGE0_SOURCE_CODE "https://github.com/judge0/judge0"
 ---> Running in c13620af55db
 ---> Removed intermediate container c13620af55db
 ---> af75128d2462
Step 5/25 : LABEL source_code=$JUDGE0_SOURCE_CODE
 ---> Running in 6f3dc908ba30
 ---> Removed intermediate container 6f3dc908ba30
 ---> 1f1c64917eef
Step 6/25 : ENV JUDGE0_MAINTAINER "Herman Zvonimir Došilović <hermanz.dosilovic@gmail.com>"
 ---> Running in 8acd1f7bd961
 ---> Removed intermediate container 8acd1f7bd961
 ---> 891174b8d54a
Step 7/25 : LABEL maintainer=$JUDGE0_MAINTAINER
 ---> Running in 5d6eb7287ae9
 ---> Removed intermediate container 5d6eb7287ae9
 ---> b78cfff74d53
Step 8/25 : ENV PATH "/usr/local/ruby-3.3.8/bin:/opt/.gem/bin:$PATH"
 ---> Running in e65930a11d4d
 ---> Removed intermediate container e65930a11d4d
 ---> 830c6e78f5a1
Step 9/25 : ENV GEM_HOME "/opt/.gem/"
 ---> Running in 99b72669c693
 ---> Removed intermediate container 99b72669c693
 ---> 0beccc6c67d8
Step 10/25 : RUN apt-get update &&     apt-get install -y --no-install-recommends       cron       libpq-dev       sudo       nodejs       npm &&     rm -rf /var/lib/apt/lists/* &&     echo "gem: --no-document" > /root/.gemrc &&     gem install bundler:2.1.4 &&     npm install -g --unsafe-perm aglio@2.3.0
 ---> Running in 16a88d59e9af
Get:1 http://deb.debian.org/debian trixie InRelease [140 kB]
Get:2 http://deb.debian.org/debian trixie-updates InRelease [47.3 kB]
Get:3 http://deb.debian.org/debian-security trixie-security InRelease [43.4 kB]
Get:4 http://deb.debian.org/debian trixie/main arm64 Packages [9,608 kB]
Get:5 http://deb.debian.org/debian trixie-updates/main arm64 Packages [5,404 B]
Get:6 http://deb.debian.org/debian-security trixie-security/main arm64 Packages [208 kB]
Fetched 10.1 MB in 4s (2,303 kB/s)
Reading package lists...
Reading package lists...
Building dependency tree...
Reading state information...
libpq-dev is already the newest version (17.10-0+deb13u1).
The following additional packages will be installed:
  cron-daemon-common eslint gyp handlebars libcares2 libjs-events
  libjs-inherits libjs-is-typedarray libjs-prettify libjs-regenerate
  libjs-source-map libjs-sprintf-js libjs-typedarray-to-buffer libjs-util
  libnode-dev libnode115 libsystemd-shared libuv1-dev libuv1t64 node-abbrev
  node-acorn node-agent-base node-ajv node-ajv-keywords
  node-ampproject-remapping node-ansi-escapes node-ansi-regex node-ansi-styles
  node-anymatch node-aproba node-archy node-are-we-there-yet node-argparse
  node-arrify node-assert node-async node-async-each
  node-babel-helper-define-polyfill-provider
  node-babel-plugin-add-module-exports node-babel-plugin-lodash
  node-babel-plugin-polyfill-corejs2 node-babel-plugin-polyfill-corejs3
  node-babel-plugin-polyfill-regenerator node-babel7 node-babel7-runtime
  node-balanced-match node-base64-js node-binary-extensions
  node-brace-expansion node-braces node-browserslist node-builtins
  node-cacache node-camelcase node-caniuse-lite node-chalk node-chokidar
  node-chownr node-chrome-trace-event node-ci-info node-cjs-module-lexer
  node-cli-table node-cliui node-clone node-clone-deep node-color-convert
  node-color-name node-colors node-columnify node-commander node-commondir
  node-concat-stream node-console-control-strings node-convert-source-map
  node-copy-concurrently node-core-js node-core-js-compat node-core-js-pure
  node-core-util-is node-corepack node-css-loader node-css-selector-tokenizer
  node-data-uri-to-buffer node-debbundle-es-to-primitive node-debug
  node-decamelize node-decompress-response node-deep-equal node-deep-is
  node-defaults node-define-properties node-define-property node-defined
  node-del node-delegates node-depd node-diff node-doctrine
  node-electron-to-chromium node-encoding node-enhanced-resolve node-envinfo
  node-err-code node-errno node-error-ex node-es-abstract node-es-module-lexer
  node-es6-error node-escape-string-regexp node-escodegen node-eslint-scope
  node-eslint-utils node-eslint-visitor-keys node-espree node-esprima
  node-esquery node-esrecurse node-estraverse node-esutils node-events
  node-execa node-fancy-log node-fast-deep-equal node-fast-levenshtein
  node-fetch node-file-entry-cache node-fill-range node-find-cache-dir
  node-find-up node-flat-cache node-flatted node-for-in node-for-own
  node-foreground-child node-fs-readdir-recursive node-fs-write-stream-atomic
  node-fs.realpath node-function-bind node-functional-red-black-tree
  node-gauge node-get-caller-file node-get-stream node-glob node-glob-parent
  node-globals node-globby node-got node-graceful-fs node-gyp node-has-flag
  node-has-unicode node-hosted-git-info node-http-proxy-agent
  node-https-proxy-agent node-iconv-lite node-icss-utils node-ieee754
  node-iferr node-ignore node-imurmurhash node-indent-string node-inflight
  node-inherits node-ini node-interpret node-ip node-ip-regex node-is-arrayish
  node-is-binary-path node-is-buffer node-is-descriptor node-is-extendable
  node-is-extglob node-is-glob node-is-number node-is-path-cwd
  node-is-path-inside node-is-plain-obj node-is-plain-object node-is-stream
  node-is-typedarray node-is-windows node-isarray node-isexe node-isobject
  node-istanbul node-jest-debbundle node-jest-worker node-js-tokens
  node-js-yaml node-jsesc node-json-buffer node-json-parse-better-errors
  node-json-schema node-json-schema-traverse node-json-stable-stringify
  node-json5 node-jsonify node-jsonparse node-kind-of node-levn
  node-loader-runner node-locate-path node-lodash node-lodash-packages
  node-lowercase-keys node-lru-cache node-make-dir node-memfs node-memory-fs
  node-merge-stream node-micromatch node-mime node-mime-types node-mimic-fn
  node-mimic-response node-minimatch node-minimist node-minipass node-mkdirp
  node-move-concurrently node-ms node-mute-stream node-n3 node-negotiator
  node-neo-async node-nopt node-normalize-package-data node-normalize-path
  node-npm-bundled node-npm-package-arg node-npm-run-path node-npmlog
  node-object-assign node-object-inspect node-once node-optimist
  node-optionator node-osenv node-p-cancelable node-p-limit node-p-locate
  node-p-map node-parse-json node-path-dirname node-path-exists
  node-path-is-absolute node-path-is-inside node-path-type node-picocolors
  node-pify node-pkg-dir node-postcss node-postcss-modules-extract-imports
  node-postcss-modules-values node-postcss-value-parser node-prelude-ls
  node-process-nextick-args node-progress node-promise-inflight
  node-promise-retry node-promzard node-prr node-punycode node-quick-lru
  node-randombytes node-read node-read-package-json node-read-pkg
  node-readable-stream node-readdirp node-rechoir node-regenerate
  node-regenerate-unicode-properties node-regenerator-runtime
  node-regenerator-transform node-regexpp node-regexpu-core node-regjsgen
  node-regjsparser node-repeat-string node-require-directory node-resolve
  node-resolve-cwd node-resolve-from node-resumer node-retry node-rimraf
  node-run-queue node-safe-buffer node-schema-utils node-semver
  node-serialize-javascript node-set-blocking node-set-immediate-shim
  node-shebang-command node-shebang-regex node-signal-exit node-slash
  node-slice-ansi node-source-list-map node-source-map node-source-map-support
  node-spdx-correct node-spdx-exceptions node-spdx-expression-parse
  node-spdx-license-ids node-sprintf-js node-ssri node-string-decoder
  node-string-width node-strip-ansi node-strip-bom node-strip-eof
  node-strip-json-comments node-supports-color node-tapable node-tape node-tar
  node-terser node-text-table node-through node-time-stamp
  node-to-fast-properties node-to-regex-range node-tslib node-type-check
  node-typedarray node-typedarray-to-buffer node-undici
  node-unicode-canonical-property-names-ecmascript
  node-unicode-match-property-ecmascript
  node-unicode-match-property-value-ecmascript
  node-unicode-property-aliases-ecmascript node-unique-filename node-uri-js
  node-util node-util-deprecate node-uuid node-v8-compile-cache node-v8flags
  node-validate-npm-package-license node-validate-npm-package-name
  node-watchpack node-wcwidth.js node-webassemblyjs node-webpack-sources
  node-which node-wide-align node-wordwrap node-wrap-ansi node-wrappy
  node-write node-write-file-atomic node-xtend node-y18n node-yallist
  node-yargs node-yargs-parser systemd terser webpack
Suggested packages:
  anacron logrotate checksecurity supercat bat node-babel-eslint
  node-esprima-fb node-inquirer libjs-angularjs libarchive13t64 libbpf1
  libcryptsetup12 libip4tc2 libpwquality1 libqrencode4 libtss2-rc0t64
  libuv1-doc node-babel-plugin-polyfill-es-shims node-babel7-debug
  javascript-common livescript chai node-jest-diff node-opener
  systemd-container systemd-homed systemd-userdbd systemd-boot
  systemd-resolved systemd-repart libtss2-tcti-device0 polkitd
Recommended packages:
  default-mta | mail-transport-agent javascript-common libkmod2 node-re2
  node-require-from-string nodejs-doc node-tap linux-sysctl-defaults
  systemd-timesyncd | time-daemon systemd-cryptsetup
The following NEW packages will be installed:
  cron cron-daemon-common eslint gyp handlebars libcares2 libjs-events
  libjs-inherits libjs-is-typedarray libjs-prettify libjs-regenerate
  libjs-source-map libjs-sprintf-js libjs-typedarray-to-buffer libjs-util
  libnode-dev libnode115 libsystemd-shared libuv1-dev libuv1t64 node-abbrev
  node-acorn node-agent-base node-ajv node-ajv-keywords
  node-ampproject-remapping node-ansi-escapes node-ansi-regex node-ansi-styles
  node-anymatch node-aproba node-archy node-are-we-there-yet node-argparse
  node-arrify node-assert node-async node-async-each
  node-babel-helper-define-polyfill-provider
  node-babel-plugin-add-module-exports node-babel-plugin-lodash
  node-babel-plugin-polyfill-corejs2 node-babel-plugin-polyfill-corejs3
  node-babel-plugin-polyfill-regenerator node-babel7 node-babel7-runtime
  node-balanced-match node-base64-js node-binary-extensions
  node-brace-expansion node-braces node-browserslist node-builtins
  node-cacache node-camelcase node-caniuse-lite node-chalk node-chokidar
  node-chownr node-chrome-trace-event node-ci-info node-cjs-module-lexer
  node-cli-table node-cliui node-clone node-clone-deep node-color-convert
  node-color-name node-colors node-columnify node-commander node-commondir
  node-concat-stream node-console-control-strings node-convert-source-map
  node-copy-concurrently node-core-js node-core-js-compat node-core-js-pure
  node-core-util-is node-corepack node-css-loader node-css-selector-tokenizer
  node-data-uri-to-buffer node-debbundle-es-to-primitive node-debug
  node-decamelize node-decompress-response node-deep-equal node-deep-is
  node-defaults node-define-properties node-define-property node-defined
  node-del node-delegates node-depd node-diff node-doctrine
  node-electron-to-chromium node-encoding node-enhanced-resolve node-envinfo
  node-err-code node-errno node-error-ex node-es-abstract node-es-module-lexer
  node-es6-error node-escape-string-regexp node-escodegen node-eslint-scope
  node-eslint-utils node-eslint-visitor-keys node-espree node-esprima
  node-esquery node-esrecurse node-estraverse node-esutils node-events
  node-execa node-fancy-log node-fast-deep-equal node-fast-levenshtein
  node-fetch node-file-entry-cache node-fill-range node-find-cache-dir
  node-find-up node-flat-cache node-flatted node-for-in node-for-own
  node-foreground-child node-fs-readdir-recursive node-fs-write-stream-atomic
  node-fs.realpath node-function-bind node-functional-red-black-tree
  node-gauge node-get-caller-file node-get-stream node-glob node-glob-parent
  node-globals node-globby node-got node-graceful-fs node-gyp node-has-flag
  node-has-unicode node-hosted-git-info node-http-proxy-agent
  node-https-proxy-agent node-iconv-lite node-icss-utils node-ieee754
  node-iferr node-ignore node-imurmurhash node-indent-string node-inflight
  node-inherits node-ini node-interpret node-ip node-ip-regex node-is-arrayish
  node-is-binary-path node-is-buffer node-is-descriptor node-is-extendable
  node-is-extglob node-is-glob node-is-number node-is-path-cwd
  node-is-path-inside node-is-plain-obj node-is-plain-object node-is-stream
  node-is-typedarray node-is-windows node-isarray node-isexe node-isobject
  node-istanbul node-jest-debbundle node-jest-worker node-js-tokens
  node-js-yaml node-jsesc node-json-buffer node-json-parse-better-errors
  node-json-schema node-json-schema-traverse node-json-stable-stringify
  node-json5 node-jsonify node-jsonparse node-kind-of node-levn
  node-loader-runner node-locate-path node-lodash node-lodash-packages
  node-lowercase-keys node-lru-cache node-make-dir node-memfs node-memory-fs
  node-merge-stream node-micromatch node-mime node-mime-types node-mimic-fn
  node-mimic-response node-minimatch node-minimist node-minipass node-mkdirp
  node-move-concurrently node-ms node-mute-stream node-n3 node-negotiator
  node-neo-async node-nopt node-normalize-package-data node-normalize-path
  node-npm-bundled node-npm-package-arg node-npm-run-path node-npmlog
  node-object-assign node-object-inspect node-once node-optimist
  node-optionator node-osenv node-p-cancelable node-p-limit node-p-locate
  node-p-map node-parse-json node-path-dirname node-path-exists
  node-path-is-absolute node-path-is-inside node-path-type node-picocolors
  node-pify node-pkg-dir node-postcss node-postcss-modules-extract-imports
  node-postcss-modules-values node-postcss-value-parser node-prelude-ls
  node-process-nextick-args node-progress node-promise-inflight
  node-promise-retry node-promzard node-prr node-punycode node-quick-lru
  node-randombytes node-read node-read-package-json node-read-pkg
  node-readable-stream node-readdirp node-rechoir node-regenerate
  node-regenerate-unicode-properties node-regenerator-runtime
  node-regenerator-transform node-regexpp node-regexpu-core node-regjsgen
  node-regjsparser node-repeat-string node-require-directory node-resolve
  node-resolve-cwd node-resolve-from node-resumer node-retry node-rimraf
  node-run-queue node-safe-buffer node-schema-utils node-semver
  node-serialize-javascript node-set-blocking node-set-immediate-shim
  node-shebang-command node-shebang-regex node-signal-exit node-slash
  node-slice-ansi node-source-list-map node-source-map node-source-map-support
  node-spdx-correct node-spdx-exceptions node-spdx-expression-parse
  node-spdx-license-ids node-sprintf-js node-ssri node-string-decoder
  node-string-width node-strip-ansi node-strip-bom node-strip-eof
  node-strip-json-comments node-supports-color node-tapable node-tape node-tar
  node-terser node-text-table node-through node-time-stamp
  node-to-fast-properties node-to-regex-range node-tslib node-type-check
  node-typedarray node-typedarray-to-buffer node-undici
  node-unicode-canonical-property-names-ecmascript
  node-unicode-match-property-ecmascript
  node-unicode-match-property-value-ecmascript
  node-unicode-property-aliases-ecmascript node-unique-filename node-uri-js
  node-util node-util-deprecate node-uuid node-v8-compile-cache node-v8flags
  node-validate-npm-package-license node-validate-npm-package-name
  node-watchpack node-wcwidth.js node-webassemblyjs node-webpack-sources
  node-which node-wide-align node-wordwrap node-wrap-ansi node-wrappy
  node-write node-write-file-atomic node-xtend node-y18n node-yallist
  node-yargs node-yargs-parser nodejs npm sudo systemd terser webpack
0 upgraded, 366 newly installed, 0 to remove and 26 not upgraded.
Need to get 32.0 MB of archives.
After this operation, 190 MB of additional disk space will be used.
Get:1 http://deb.debian.org/debian trixie/main arm64 libsystemd-shared arm64 257.13-1~deb13u1 [1,922 kB]
Get:2 http://deb.debian.org/debian trixie/main arm64 systemd arm64 257.13-1~deb13u1 [2,921 kB]
Get:3 http://deb.debian.org/debian trixie/main arm64 cron-daemon-common all 3.0pl1-197 [17.8 kB]
Get:4 http://deb.debian.org/debian trixie/main arm64 cron arm64 3.0pl1-197 [85.1 kB]
Get:5 http://deb.debian.org/debian trixie/main arm64 sudo arm64 1.9.16p2-3+deb13u2 [1,992 kB]
Get:6 http://deb.debian.org/debian trixie/main arm64 node-fast-deep-equal all 3.1.3-3 [5,768 B]
Get:7 http://deb.debian.org/debian trixie/main arm64 node-json-schema-traverse all 1.0.0-3 [6,308 B]
Get:8 http://deb.debian.org/debian trixie/main arm64 node-jsonify all 0.0.1-1 [8,704 B]
Get:9 http://deb.debian.org/debian trixie/main arm64 node-json-stable-stringify all 1.0.2+repack1+~cs1.0.34-2 [9,496 B]
Get:10 http://deb.debian.org/debian trixie/main arm64 node-punycode all 2.3.1+~2.1.4-1 [10.8 kB]
Get:11 http://deb.debian.org/debian trixie/main arm64 node-uri-js all 4.4.0+dfsg-8 [47.3 kB]
Get:12 http://deb.debian.org/debian trixie/main arm64 libcares2 arm64 1.34.5-1+deb13u1 [92.4 kB]
Get:13 http://deb.debian.org/debian trixie/main arm64 libuv1t64 arm64 1.50.0-2 [148 kB]
Get:14 http://deb.debian.org/debian trixie/main arm64 node-xtend all 4.0.2-3 [3,932 B]
Get:15 http://deb.debian.org/debian trixie/main arm64 node-acorn all 8.8.1+ds+~cs25.17.7-2 [128 kB]
Get:16 http://deb.debian.org/debian trixie/main arm64 node-cjs-module-lexer all 1.2.3+dfsg-1 [30.6 kB]
Get:17 http://deb.debian.org/debian trixie/main arm64 node-balanced-match all 2.0.0-1 [4,872 B]
Get:18 http://deb.debian.org/debian trixie/main arm64 node-brace-expansion all 2.0.1+~1.1.0-2 [8,012 B]
Get:19 http://deb.debian.org/debian trixie/main arm64 node-minimatch all 9.0.3-6 [76.8 kB]
Get:20 http://deb.debian.org/debian trixie/main arm64 node-undici all 7.3.0+dfsg1+~cs24.12.11-1 [333 kB]
Get:21 http://deb.debian.org/debian trixie/main arm64 libnode115 arm64 20.19.2+dfsg-1+deb13u2 [10.9 MB]
Get:22 http://deb.debian.org/debian trixie/main arm64 node-corepack all 0.24.0-5 [712 kB]
Get:23 http://deb.debian.org/debian trixie/main arm64 nodejs arm64 20.19.2+dfsg-1+deb13u2 [354 kB]
Get:24 http://deb.debian.org/debian trixie/main arm64 node-ajv all 8.12.0~ds+~2.1.1-5 [182 kB]
Get:25 http://deb.debian.org/debian trixie/main arm64 libjs-inherits all 2.0.4-6 [3,548 B]
Get:26 http://deb.debian.org/debian trixie/main arm64 node-inherits all 2.0.4-6 [4,548 B]
Get:27 http://deb.debian.org/debian trixie/main arm64 node-core-util-is all 1.0.3-1 [4,072 B]
Get:28 http://deb.debian.org/debian trixie/main arm64 node-safe-buffer all 5.2.1+~cs2.1.2-3 [15.5 kB]
Get:29 http://deb.debian.org/debian trixie/main arm64 node-string-decoder all 1.3.0-6 [7,180 B]
Get:30 http://deb.debian.org/debian trixie/main arm64 node-process-nextick-args all 2.0.1-3 [3,816 B]
Get:31 http://deb.debian.org/debian trixie/main arm64 node-util-deprecate all 1.0.2-3 [4,436 B]
Get:32 http://deb.debian.org/debian trixie/main arm64 node-isarray all 2.0.5-4 [4,040 B]
Get:33 http://deb.debian.org/debian trixie/main arm64 node-readable-stream all 3.6.0+~cs3.0.0-4 [32.0 kB]
Get:34 http://deb.debian.org/debian trixie/main arm64 node-typedarray all 0.0.7-1 [11.4 kB]
Get:35 http://deb.debian.org/debian trixie/main arm64 node-concat-stream all 2.0.0+~2.0.0-2 [6,388 B]
Get:36 http://deb.debian.org/debian trixie/main arm64 node-ms all 2.1.3+~cs0.7.31-3 [5,648 B]
Get:37 http://deb.debian.org/debian trixie/main arm64 node-debug all 4.3.4+~cs4.1.7-1 [18.1 kB]
Get:38 http://deb.debian.org/debian trixie/main arm64 node-esutils all 2.0.3+~2.0.0-1 [12.4 kB]
Get:39 http://deb.debian.org/debian trixie/main arm64 node-doctrine all 3.0.0-4 [19.9 kB]
Get:40 http://deb.debian.org/debian trixie/main arm64 node-eslint-visitor-keys all 3.3.0+~1.0.0-1 [17.1 kB]
Get:41 http://deb.debian.org/debian trixie/main arm64 node-estraverse all 5.3.0+ds+~5.1.1-1 [11.6 kB]
Get:42 http://deb.debian.org/debian trixie/main arm64 node-object-assign all 4.1.1-7 [4,684 B]
Get:43 http://deb.debian.org/debian trixie/main arm64 node-esrecurse all 4.3.0-2 [6,048 B]
Get:44 http://deb.debian.org/debian trixie/main arm64 node-eslint-scope all 7.1.1+~3.7.4-1 [35.6 kB]
Get:45 http://deb.debian.org/debian trixie/main arm64 node-espree all 9.4.1~dfsg-2 [41.1 kB]
Get:46 http://deb.debian.org/debian trixie/main arm64 node-esquery all 1.4.2~ds-1 [24.9 kB]
Get:47 http://deb.debian.org/debian trixie/main arm64 node-eslint-utils all 3.0.0-3 [15.5 kB]
Get:48 http://deb.debian.org/debian trixie/main arm64 node-flatted all 3.2.7~ds-1+deb13u1 [10.3 kB]
Get:49 http://deb.debian.org/debian trixie/main arm64 node-fs.realpath all 1.0.0-3 [6,172 B]
Get:50 http://deb.debian.org/debian trixie/main arm64 node-wrappy all 1.0.2-3 [3,776 B]
Get:51 http://deb.debian.org/debian trixie/main arm64 node-once all 1.4.1-1 [4,624 B]
Get:52 http://deb.debian.org/debian trixie/main arm64 node-inflight all 1.0.6-2 [3,952 B]
Get:53 http://deb.debian.org/debian trixie/main arm64 node-glob all 8.1.0+~cs8.5.15-1 [134 kB]
Get:54 http://deb.debian.org/debian trixie/main arm64 node-rimraf all 3.0.2-2 [11.1 kB]
Get:55 http://deb.debian.org/debian trixie/main arm64 node-write all 2.0.0~6.0.1+~3.0.4+~2.0.0+~1.0.0+~2.0.1-1 [17.9 kB]
Get:56 http://deb.debian.org/debian trixie/main arm64 node-flat-cache all 3.0.4~6.0.1+~3.0.4+~2.0.0+~1.0.0+~2.0.1-1 [20.2 kB]
Get:57 http://deb.debian.org/debian trixie/main arm64 node-file-entry-cache all 6.0.1+~3.0.4+~2.0.0+~1.0.0+~2.0.1-1 [15.3 kB]
Get:58 http://deb.debian.org/debian trixie/main arm64 node-functional-red-black-tree all 1.0.1+20181105-7 [14.1 kB]
Get:59 http://deb.debian.org/debian trixie/main arm64 node-is-extglob all 2.1.1-5 [4,612 B]
Get:60 http://deb.debian.org/debian trixie/main arm64 node-is-glob all 4.0.3-2 [6,620 B]
Get:61 http://deb.debian.org/debian trixie/main arm64 node-path-dirname all 1.0.2-2 [4,312 B]
Get:62 http://deb.debian.org/debian trixie/main arm64 node-glob-parent all 6.0.2+~5.1.1-2 [8,784 B]
Get:63 http://deb.debian.org/debian trixie/main arm64 node-globals all 13.23.0-1 [11.3 kB]
Get:64 http://deb.debian.org/debian trixie/main arm64 node-resolve-from all 5.0.0+~3.1.0+~3.3.0+~2.0.0-1 [7,292 B]
Get:65 http://deb.debian.org/debian trixie/main arm64 node-imurmurhash all 0.1.4+dfsg+~0.1.1-2 [8,412 B]
Get:66 http://deb.debian.org/debian trixie/main arm64 node-ignore all 5.2.1-1 [26.4 kB]
Get:67 http://deb.debian.org/debian trixie/main arm64 node-prelude-ls all 1.2.1+dfsg-3 [11.3 kB]
Get:68 http://deb.debian.org/debian trixie/main arm64 node-type-check all 0.4.0+dfsg-3 [9,184 B]
Get:69 http://deb.debian.org/debian trixie/main arm64 node-levn all 0.4.1+dfsg-2 [10.2 kB]
Get:70 http://deb.debian.org/debian trixie/main arm64 node-lodash all 4.17.21+dfsg+~cs8.31.198.20210220-9 [462 kB]
Get:71 http://deb.debian.org/debian trixie/main arm64 node-memfs all 3.4.12+~cs1.0.3-1 [46.8 kB]
Get:72 http://deb.debian.org/debian trixie/main arm64 node-mkdirp all 2.1.6+~cs5.2.1-2 [24.1 kB]
Get:73 http://deb.debian.org/debian trixie/main arm64 node-deep-is all 0.1.4-1 [5,136 B]
Get:74 http://deb.debian.org/debian trixie/main arm64 node-fast-levenshtein all 2.0.6+ds-3 [6,040 B]
Get:75 http://deb.debian.org/debian trixie/main arm64 node-optionator all 0.9.1+dfsg+~cs1.2.3-1 [17.6 kB]
Get:76 http://deb.debian.org/debian trixie/main arm64 node-progress all 2.0.3-2 [8,256 B]
Get:77 http://deb.debian.org/debian trixie/main arm64 libjs-regenerate all 1.4.2-3 [14.3 kB]
Get:78 http://deb.debian.org/debian trixie/main arm64 node-regenerate all 1.4.2-3 [7,388 B]
Get:79 http://deb.debian.org/debian trixie/main arm64 node-regenerate-unicode-properties all 10.1.0+ds-1 [50.7 kB]
Get:80 http://deb.debian.org/debian trixie/main arm64 node-regexpp all 3.2.0-5 [27.0 kB]
Get:81 http://deb.debian.org/debian trixie/main arm64 node-lru-cache all 10.0.1-3 [62.6 kB]
Get:82 http://deb.debian.org/debian trixie/main arm64 node-semver all 7.6.1+~7.5.8-2 [49.5 kB]
Get:83 http://deb.debian.org/debian trixie/main arm64 node-strip-json-comments all 4.0.0-4 [5,668 B]
Get:84 http://deb.debian.org/debian trixie/main arm64 node-json-schema all 0.4.0+~7.0.11-1 [13.1 kB]
Get:85 http://deb.debian.org/debian trixie/main arm64 node-v8-compile-cache all 2.4.0-2 [8,544 B]
Get:86 http://deb.debian.org/debian trixie/main arm64 eslint all 6.4.0~dfsg+~6.1.9-12 [606 kB]
Get:87 http://deb.debian.org/debian trixie/main arm64 gyp all 0.16.2-2 [255 kB]
Get:88 http://deb.debian.org/debian trixie/main arm64 node-neo-async all 2.6.2+~cs3.0.0-3 [41.8 kB]
Get:89 http://deb.debian.org/debian trixie/main arm64 node-arrify all 2.0.1-3 [3,700 B]
Get:90 http://deb.debian.org/debian trixie/main arm64 node-is-plain-obj all 3.0.0-2 [3,972 B]
Get:91 http://deb.debian.org/debian trixie/main arm64 node-is-buffer all 2.0.5-2 [4,112 B]
Get:92 http://deb.debian.org/debian trixie/main arm64 node-kind-of all 6.0.3+dfsg-2 [10.2 kB]
Get:93 http://deb.debian.org/debian trixie/main arm64 node-minimist all 1.2.8+~cs5.3.5-1 [15.9 kB]
Get:94 http://deb.debian.org/debian trixie/main arm64 node-wordwrap all 1.0.0-4 [4,628 B]
Get:95 http://deb.debian.org/debian trixie/main arm64 node-optimist all 0.6.1+~0.0.30-2 [13.5 kB]
Get:96 http://deb.debian.org/debian trixie/main arm64 libjs-source-map all 0.7.0++dfsg2+really.0.6.1-15 [29.6 kB]
Get:97 http://deb.debian.org/debian trixie/main arm64 node-source-map all 0.7.0++dfsg2+really.0.6.1-15 [41.7 kB]
Get:98 http://deb.debian.org/debian trixie/main arm64 handlebars all 3:4.7.7+~4.1.0-1 [199 kB]
Get:99 http://deb.debian.org/debian trixie/main arm64 libjs-events all 3.3.0+~3.0.0-3 [11.3 kB]
Get:100 http://deb.debian.org/debian trixie/main arm64 libjs-is-typedarray all 1.0.0-4 [3,816 B]
Get:101 http://deb.debian.org/debian trixie/main arm64 libjs-prettify all 2015.12.04+dfsg-1.1 [41.7 kB]
Get:102 http://deb.debian.org/debian trixie/main arm64 libjs-sprintf-js all 1.1.2+ds1+~1.1.2-1 [12.8 kB]
Get:103 http://deb.debian.org/debian trixie/main arm64 libjs-typedarray-to-buffer all 4.0.0-2 [4,668 B]
Get:104 http://deb.debian.org/debian trixie/main arm64 node-lodash-packages all 4.17.21+dfsg+~cs8.31.198.20210220-9 [179 kB]
Get:105 http://deb.debian.org/debian trixie/main arm64 node-function-bind all 1.1.2+~cs2.1.14-1 [24.6 kB]
Get:106 http://deb.debian.org/debian trixie/main arm64 node-object-inspect all 1.12.2+~cs1.8.1-1 [20.8 kB]
Get:107 http://deb.debian.org/debian trixie/main arm64 node-es-abstract all 1.20.4+~cs26.27.47-2 [137 kB]
Get:108 http://deb.debian.org/debian trixie/main arm64 node-resolve all 1.22.8+~cs5.34.15-2 [29.8 kB]
Get:109 http://deb.debian.org/debian trixie/main arm64 node-define-properties all 1.2.1+~cs2.2.3-1 [9,080 B]
Get:110 http://deb.debian.org/debian trixie/main arm64 node-debbundle-es-to-primitive all 1.2.1+~cs9.7.25-2 [39.9 kB]
Get:111 http://deb.debian.org/debian trixie/main arm64 node-isobject all 4.0.0-2 [5,332 B]
Get:112 http://deb.debian.org/debian trixie/main arm64 node-is-descriptor all 3.0.0-2 [5,556 B]
Get:113 http://deb.debian.org/debian trixie/main arm64 node-define-property all 2.0.2+really+2.0.2-3 [6,820 B]
Get:114 http://deb.debian.org/debian trixie/main arm64 node-defined all 1.0.1+~1.0.0-1 [6,776 B]
Get:115 http://deb.debian.org/debian trixie/main arm64 node-abbrev all 1.1.1+~1.1.2-1 [5,692 B]
Get:116 http://deb.debian.org/debian trixie/main arm64 node-archy all 1.0.0-6 [4,556 B]
Get:117 http://deb.debian.org/debian trixie/main arm64 node-async all 3.2.6+dfsg-2 [96.4 kB]
Get:118 http://deb.debian.org/debian trixie/main arm64 node-convert-source-map all 1.9.0+~1.5.2-1 [8,176 B]
Get:119 http://deb.debian.org/debian trixie/main arm64 node-decamelize all 4.0.0-2 [4,080 B]
Get:120 http://deb.debian.org/debian trixie/main arm64 node-es6-error all 4.1.1-5 [6,148 B]
Get:121 http://deb.debian.org/debian trixie/main arm64 node-esprima all 4.0.1+ds+~4.0.3-2 [69.3 kB]
Get:122 http://deb.debian.org/debian trixie/main arm64 node-escodegen all 2.1.0+dfsg+~0.0.8-1 [23.0 kB]
Get:123 http://deb.debian.org/debian trixie/main arm64 node-commondir all 1.0.1+~1.0.0-1 [4,388 B]
Get:124 http://deb.debian.org/debian trixie/main arm64 node-is-number all 7.0.0-4 [6,020 B]
Get:125 http://deb.debian.org/debian trixie/main arm64 node-repeat-string all 1.6.1+repack-1 [5,600 B]
Get:126 http://deb.debian.org/debian trixie/main arm64 node-to-regex-range all 5.0.1-4 [10.5 kB]
Get:127 http://deb.debian.org/debian trixie/main arm64 node-fill-range all 7.1.1+~7.0.3-1 [8,768 B]
Get:128 http://deb.debian.org/debian trixie/main arm64 node-braces all 3.0.3+~3.0.5-1 [20.6 kB]
Get:129 http://deb.debian.org/debian trixie/main arm64 node-normalize-path all 3.0.0+~3.0.0-1 [6,608 B]
Get:130 http://deb.debian.org/debian trixie/main arm64 node-anymatch all 3.1.3+~cs4.6.1-2 [33.4 kB]
Get:131 http://deb.debian.org/debian trixie/main arm64 node-micromatch all 4.0.7+~4.0.9-1 [26.0 kB]
Get:132 http://deb.debian.org/debian trixie/main arm64 node-pify all 5.0.0+~cs5.0.1-1 [7,072 B]
Get:133 http://deb.debian.org/debian trixie/main arm64 node-path-type all 4.0.0-3 [3,944 B]
Get:134 http://deb.debian.org/debian trixie/main arm64 node-n3 all 1.16.3+~1.2.3+~1.10.4-1 [37.0 kB]
Get:135 http://deb.debian.org/debian trixie/main arm64 node-slash all 4.0.0-3 [4,292 B]
Get:136 http://deb.debian.org/debian trixie/main arm64 node-globby all 13.1.3+~cs16.25.40-3 [40.5 kB]
Get:137 http://deb.debian.org/debian trixie/main arm64 node-graceful-fs all 4.2.10-1 [14.4 kB]
Get:138 http://deb.debian.org/debian trixie/main arm64 node-is-path-cwd all 2.2.0-2 [3,672 B]
Get:139 http://deb.debian.org/debian trixie/main arm64 node-path-is-inside all 1.0.2+~1.0.0-1 [5,072 B]
Get:140 http://deb.debian.org/debian trixie/main arm64 node-is-path-inside all 3.0.3-2 [3,980 B]
Get:141 http://deb.debian.org/debian trixie/main arm64 node-escape-string-regexp all 4.0.0-2 [4,296 B]
Get:142 http://deb.debian.org/debian trixie/main arm64 node-indent-string all 4.0.0-2 [4,144 B]
Get:143 http://deb.debian.org/debian trixie/main arm64 node-p-map all 4.0.0+~3.1.0+~3.0.1-2 [7,904 B]
Get:144 http://deb.debian.org/debian trixie/main arm64 node-del all 7.1.0-1 [8,020 B]
Get:145 http://deb.debian.org/debian trixie/main arm64 node-make-dir all 3.1.0-3 [6,040 B]
Get:146 http://deb.debian.org/debian trixie/main arm64 node-p-limit all 4.0.0+~cs4.0.0-5 [7,576 B]
Get:147 http://deb.debian.org/debian trixie/main arm64 node-p-locate all 6.0.0-12 [5,752 B]
Get:148 http://deb.debian.org/debian trixie/main arm64 node-locate-path all 7.1.1-2 [5,584 B]
Get:149 http://deb.debian.org/debian trixie/main arm64 node-path-exists all 5.0.0-8 [4,732 B]
Get:150 http://deb.debian.org/debian trixie/main arm64 node-find-up all 6.3.0-7 [9,388 B]
Get:151 http://deb.debian.org/debian trixie/main arm64 node-pkg-dir all 5.0.0-2 [4,260 B]
Get:152 http://deb.debian.org/debian trixie/main arm64 node-find-cache-dir all 3.3.2+~3.2.1-1 [6,152 B]
Get:153 http://deb.debian.org/debian trixie/main arm64 node-signal-exit all 4.1.0-7 [14.4 kB]
Get:154 http://deb.debian.org/debian trixie/main arm64 node-foreground-child all 3.1.1-2 [13.3 kB]
Get:155 http://deb.debian.org/debian trixie/main arm64 node-is-stream all 3.0.0-4 [5,076 B]
Get:156 http://deb.debian.org/debian trixie/main arm64 node-is-windows all 1.0.2+~cs1.0.0-1 [5,936 B]
Get:157 http://deb.debian.org/debian trixie/main arm64 node-ampproject-remapping all 2.2.0+~cs5.15.37-1 [59.4 kB]
Get:158 http://deb.debian.org/debian trixie/main arm64 node-sprintf-js all 1.1.2+ds1+~1.1.2-1 [4,024 B]
Get:159 http://deb.debian.org/debian trixie/main arm64 node-argparse all 2.0.1-2 [34.6 kB]
Get:160 http://deb.debian.org/debian trixie/main arm64 node-js-yaml all 4.1.0+dfsg+~4.0.5-7 [66.6 kB]
Get:161 http://deb.debian.org/debian trixie/main arm64 node-nopt all 5.0.0-4 [12.1 kB]
Get:162 http://deb.debian.org/debian trixie/main arm64 node-npm-run-path all 5.1.0+~4.0.0-8 [6,276 B]
Get:163 http://deb.debian.org/debian trixie/main arm64 node-shebang-regex all 3.0.0-2 [3,528 B]
Get:164 http://deb.debian.org/debian trixie/main arm64 node-shebang-command all 2.0.0-1 [3,500 B]
Get:165 http://deb.debian.org/debian trixie/main arm64 node-strip-bom all 4.0.0-2 [4,144 B]
Get:166 http://deb.debian.org/debian trixie/main arm64 node-has-flag all 5.0.1-1 [4,404 B]
Get:167 http://deb.debian.org/debian trixie/main arm64 node-supports-color all 8.1.1+~8.1.1-1 [6,920 B]
Get:168 http://deb.debian.org/debian trixie/main arm64 node-util all 0.12.5+~1.0.10-1 [5,700 B]
Get:169 http://deb.debian.org/debian trixie/main arm64 node-assert all 2.0.0+~cs3.9.8-2 [26.8 kB]
Get:170 http://deb.debian.org/debian trixie/main arm64 node-babel-plugin-add-module-exports all 1.0.4+dfsg1~cs5.8.0-4 [8,672 B]
Get:171 http://deb.debian.org/debian trixie/main arm64 node-regenerator-runtime all 0.15.2+~0.10.8-1 [10.7 kB]
Get:172 http://deb.debian.org/debian trixie/main arm64 node-babel7-runtime all 7.20.15+ds1+~cs214.269.168-8 [116 kB]
Get:173 http://deb.debian.org/debian trixie/main arm64 node-babel-helper-define-polyfill-provider all 0.3.3~0~20220913+ds1-1 [27.4 kB]
Get:174 http://deb.debian.org/debian trixie/main arm64 node-babel-plugin-polyfill-corejs2 all 0.3.3~0~20220913+ds1-1 [17.1 kB]
Get:175 http://deb.debian.org/debian trixie/main arm64 node-caniuse-lite all 1.0.30001723+dfsg+~1.0.5-1 [255 kB]
Get:176 http://deb.debian.org/debian trixie/main arm64 node-electron-to-chromium all 1.5.166-1 [20.9 kB]
Get:177 http://deb.debian.org/debian trixie/main arm64 node-picocolors all 1.0.0-4 [6,652 B]
Get:178 http://deb.debian.org/debian trixie/main arm64 node-browserslist all 4.25.0+~cs6.3.22-1 [72.3 kB]
Get:179 http://deb.debian.org/debian trixie/main arm64 node-core-js-compat all 3.33.2-1 [78.5 kB]
Get:180 http://deb.debian.org/debian trixie/main arm64 node-babel-plugin-polyfill-corejs3 all 0.6.0~0~20220913+ds1-1 [29.5 kB]
Get:181 http://deb.debian.org/debian trixie/main arm64 node-babel-plugin-polyfill-regenerator all 0.4.1~0~20220913+ds1-1 [5,036 B]
Get:182 http://deb.debian.org/debian trixie/main arm64 node-color-name all 1.1.4+~1.1.1-2 [5,920 B]
Get:183 http://deb.debian.org/debian trixie/main arm64 node-color-convert all 2.0.1+~cs2.0.0-2 [13.1 kB]
Get:184 http://deb.debian.org/debian trixie/main arm64 node-ansi-styles all 6.2.1-3 [8,716 B]
Get:185 http://deb.debian.org/debian trixie/main arm64 node-chalk all 5.3.0-1 [18.2 kB]
Get:186 http://deb.debian.org/debian trixie/main arm64 node-for-in all 1.0.2-4 [4,840 B]
Get:187 http://deb.debian.org/debian trixie/main arm64 node-for-own all 1.0.0-3 [4,800 B]
Get:188 http://deb.debian.org/debian trixie/main arm64 node-is-plain-object all 5.0.0-7 [6,108 B]
Get:189 http://deb.debian.org/debian trixie/main arm64 node-is-extendable all 1.0.1-3 [5,228 B]
Get:190 http://deb.debian.org/debian trixie/main arm64 node-clone-deep all 4.0.1+~cs7.0.2-1 [6,720 B]
Get:191 http://deb.debian.org/debian trixie/main arm64 node-commander all 9.4.1-1 [65.3 kB]
Get:192 http://deb.debian.org/debian trixie/main arm64 node-core-js all 3.33.2-1 [301 kB]
Get:193 http://deb.debian.org/debian trixie/main arm64 node-core-js-pure all 3.33.2-1 [282 kB]
Get:194 http://deb.debian.org/debian trixie/main arm64 node-fs-readdir-recursive all 1.1.0+~1.1.0-1 [4,540 B]
Get:195 http://deb.debian.org/debian trixie/main arm64 node-js-tokens all 8.0.0-2 [14.9 kB]
Get:196 http://deb.debian.org/debian trixie/main arm64 node-jsesc all 3.0.2+~3.0.1-1 [17.6 kB]
Get:197 http://deb.debian.org/debian trixie/main arm64 node-json5 all 2.2.3+dfsg-1 [25.6 kB]
Get:198 http://deb.debian.org/debian trixie/main arm64 node-quick-lru all 6.1.1-4 [8,076 B]
Get:199 http://deb.debian.org/debian trixie/main arm64 node-regenerator-transform all 0.15.2+~0.10.8-1 [24.9 kB]
Get:200 http://deb.debian.org/debian trixie/main arm64 node-regjsgen all 0.7.1+ds-1 [6,968 B]
Get:201 http://deb.debian.org/debian trixie/main arm64 node-regjsparser all 0.9.1+ds-2 [22.1 kB]
Get:202 http://deb.debian.org/debian trixie/main arm64 node-unicode-canonical-property-names-ecmascript all 2.0.0-2 [4,540 B]
Get:203 http://deb.debian.org/debian trixie/main arm64 node-unicode-property-aliases-ecmascript all 2.1.0+ds-1 [5,256 B]
Get:204 http://deb.debian.org/debian trixie/main arm64 node-unicode-match-property-ecmascript all 2.0.0-2 [4,440 B]
Get:205 http://deb.debian.org/debian trixie/main arm64 node-unicode-match-property-value-ecmascript all 2.1.0+ds-1 [7,272 B]
Get:206 http://deb.debian.org/debian trixie/main arm64 node-regexpu-core all 5.2.2-3 [13.9 kB]
Get:207 http://deb.debian.org/debian trixie/main arm64 node-source-map-support all 0.5.21+ds+~0.5.10-1 [15.3 kB]
Get:208 http://deb.debian.org/debian trixie/main arm64 node-to-fast-properties all 3.0.1-3 [4,332 B]
Get:209 http://deb.debian.org/debian trixie/main arm64 node-v8flags all 3.2.0+~3.1.1-1 [7,612 B]
Get:210 http://deb.debian.org/debian trixie/main arm64 node-babel7 all 7.20.15+ds1+~cs214.269.168-8 [709 kB]
Get:211 http://deb.debian.org/debian trixie/main arm64 node-is-arrayish all 0.3.2-3 [3,960 B]
Get:212 http://deb.debian.org/debian trixie/main arm64 node-error-ex all 1.3.2-4 [5,656 B]
Get:213 http://deb.debian.org/debian trixie/main arm64 node-json-parse-better-errors all 1.0.2+~cs3.3.1-3 [7,724 B]
Get:214 http://deb.debian.org/debian trixie/main arm64 node-parse-json all 5.2.0+~cs5.1.7-2 [7,304 B]
Get:215 http://deb.debian.org/debian trixie/main arm64 node-hosted-git-info all 6.1.1-2 [12.6 kB]
Get:216 http://deb.debian.org/debian trixie/main arm64 node-spdx-license-ids all 3.0.12-1 [6,276 B]
Get:217 http://deb.debian.org/debian trixie/main arm64 node-spdx-exceptions all 2.3.0-2 [3,992 B]
Get:218 http://deb.debian.org/debian trixie/main arm64 node-spdx-expression-parse all 3.0.1+~3.0.1-1 [7,532 B]
Get:219 http://deb.debian.org/debian trixie/main arm64 node-spdx-correct all 3.1.1-2 [5,464 B]
Get:220 http://deb.debian.org/debian trixie/main arm64 node-validate-npm-package-license all 3.0.4-2 [4,280 B]
Get:221 http://deb.debian.org/debian trixie/main arm64 node-normalize-package-data all 4.0.1+~2.4.1-1 [13.6 kB]
Get:222 http://deb.debian.org/debian trixie/main arm64 node-read-pkg all 5.2.0-2 [24.0 kB]
Get:223 http://deb.debian.org/debian trixie/main arm64 node-uuid all 8.3.2+~8.3.4-1 [44.5 kB]
Get:224 http://deb.debian.org/debian trixie/main arm64 node-isexe all 2.0.0+~2.0.1-5 [6,084 B]
Get:225 http://deb.debian.org/debian trixie/main arm64 node-which all 2.0.2+~cs1.3.2-3 [8,368 B]
Get:226 http://deb.debian.org/debian trixie/main arm64 node-is-typedarray all 1.0.0-4 [3,292 B]
Get:227 http://deb.debian.org/debian trixie/main arm64 node-typedarray-to-buffer all 4.0.0-2 [3,380 B]
Get:228 http://deb.debian.org/debian trixie/main arm64 node-write-file-atomic all 4.0.2+~4.0.0-2 [9,308 B]
Get:229 http://deb.debian.org/debian trixie/main arm64 node-slice-ansi all 5.0.0+~cs9.0.0-5 [8,788 B]
Get:230 http://deb.debian.org/debian trixie/main arm64 node-ansi-regex all 5.0.1-1 [4,912 B]
Get:231 http://deb.debian.org/debian trixie/main arm64 node-strip-ansi all 6.0.1-2 [4,120 B]
Get:232 http://deb.debian.org/debian trixie/main arm64 node-clone all 2.1.2+~2.1.2-1 [9,140 B]
Get:233 http://deb.debian.org/debian trixie/main arm64 node-defaults all 1.0.4+~1.0.3-1 [4,400 B]
Get:234 http://deb.debian.org/debian trixie/main arm64 node-wcwidth.js all 1.0.2-2 [7,088 B]
Get:235 http://deb.debian.org/debian trixie/main arm64 node-string-width all 4.2.3+~cs13.2.3-1 [10.7 kB]
Get:236 http://deb.debian.org/debian trixie/main arm64 node-wrap-ansi all 8.0.1+~8.0.1-3 [11.8 kB]
Get:237 http://deb.debian.org/debian trixie/main arm64 node-cliui all 7.0.4+repack+1+~cs1.4.2-2 [21.6 kB]
Get:238 http://deb.debian.org/debian trixie/main arm64 node-get-caller-file all 2.0.5+~cs1.1.1-4 [5,728 B]
Get:239 http://deb.debian.org/debian trixie/main arm64 node-require-directory all 2.1.1+~2.1.2-1 [7,092 B]
Get:240 http://deb.debian.org/debian trixie/main arm64 node-y18n all 5.0.8+~5.0.0-3 [10.2 kB]
Get:241 http://deb.debian.org/debian trixie/main arm64 node-camelcase all 7.0.0-3 [6,032 B]
Get:242 http://deb.debian.org/debian trixie/main arm64 node-yargs-parser all 21.1.1+~21.0.0-4 [28.4 kB]
Get:243 http://deb.debian.org/debian trixie/main arm64 node-yargs all 16.2.0+~16.0.4-7 [128 kB]
Get:244 http://deb.debian.org/debian trixie/main arm64 node-istanbul all 0.4.5+repack10+~cs98.25.59-3 [211 kB]
Get:245 http://deb.debian.org/debian trixie/main arm64 node-through all 2.3.8+~cs0.0.30-1 [5,452 B]
Get:246 http://deb.debian.org/debian trixie/main arm64 node-resumer all 0.0.0-6 [4,144 B]
Get:247 http://deb.debian.org/debian trixie/main arm64 node-tape all 5.6.1+~cs8.20.19-3 [71.0 kB]
Get:248 http://deb.debian.org/debian trixie/main arm64 node-deep-equal all 2.2.3+~cs43.15.94-1 [131 kB]
Get:249 http://deb.debian.org/debian trixie/main arm64 libjs-util all 0.12.5+~1.0.10-1 [16.0 kB]
Get:250 http://deb.debian.org/debian trixie/main arm64 libuv1-dev arm64 1.50.0-2 [186 kB]
Get:251 http://deb.debian.org/debian trixie/main arm64 libnode-dev arm64 20.19.2+dfsg-1+deb13u2 [537 kB]
Get:252 http://deb.debian.org/debian trixie/main arm64 node-agent-base all 7.1.1~0~2024040606-6+deb13u1 [11.6 kB]
Get:253 http://deb.debian.org/debian trixie/main arm64 node-ajv-keywords all 5.1.0-4 [32.3 kB]
Get:254 http://deb.debian.org/debian trixie/main arm64 node-ansi-escapes all 5.0.0+really.4.3.1-1 [8,896 B]
Get:255 http://deb.debian.org/debian trixie/main arm64 node-aproba all 2.0.0-3 [5,844 B]
Get:256 http://deb.debian.org/debian trixie/main arm64 node-delegates all 1.0.0-3 [4,528 B]
Get:257 http://deb.debian.org/debian trixie/main arm64 node-are-we-there-yet all 3.0.1+~1.1.0-1 [10.0 kB]
Get:258 http://deb.debian.org/debian trixie/main arm64 node-async-each all 1.0.3-3 [4,292 B]
Get:259 http://deb.debian.org/debian trixie/main arm64 node-babel-plugin-lodash all 3.3.4+~cs2.0.1-7 [11.0 kB]
Get:260 http://deb.debian.org/debian trixie/main arm64 node-base64-js all 1.5.1+dfsg+~1.3.0-2 [7,140 B]
Get:261 http://deb.debian.org/debian trixie/main arm64 node-binary-extensions all 2.2.0-2 [4,408 B]
Get:262 http://deb.debian.org/debian trixie/main arm64 node-builtins all 5.0.1-1 [4,072 B]
Get:263 http://deb.debian.org/debian trixie/main arm64 node-chownr all 2.0.0-3 [4,312 B]
Get:264 http://deb.debian.org/debian trixie/main arm64 node-iconv-lite all 0.6.3-3 [115 kB]
Get:265 http://deb.debian.org/debian trixie/main arm64 node-encoding all 0.1.13-2 [4,400 B]
Get:266 http://deb.debian.org/debian trixie/main arm64 node-jsonparse all 1.3.1-10 [8,020 B]
Get:267 http://deb.debian.org/debian trixie/main arm64 node-yallist all 4.0.0+~4.0.1-1 [8,172 B]
Get:268 http://deb.debian.org/debian trixie/main arm64 node-minipass all 5.0.0+~cs10.3.21-3 [46.9 kB]
Get:269 http://deb.debian.org/debian trixie/main arm64 node-iferr all 1.0.2+~1.0.2-1 [4,588 B]
Get:270 http://deb.debian.org/debian trixie/main arm64 node-fs-write-stream-atomic all 1.0.10-6 [5,316 B]
Get:271 http://deb.debian.org/debian trixie/main arm64 node-run-queue all 2.0.0-3 [5,156 B]
Get:272 http://deb.debian.org/debian trixie/main arm64 node-copy-concurrently all 1.0.5-9 [7,100 B]
Get:273 http://deb.debian.org/debian trixie/main arm64 node-move-concurrently all 1.0.1-5 [5,152 B]
Get:274 http://deb.debian.org/debian trixie/main arm64 node-promise-inflight all 1.0.1+~1.0.0-1 [4,864 B]
Get:275 http://deb.debian.org/debian trixie/main arm64 node-ssri all 9.0.1-3 [18.1 kB]
Get:276 http://deb.debian.org/debian trixie/main arm64 node-unique-filename all 1.1.1+ds-2 [4,032 B]
Get:277 http://deb.debian.org/debian trixie/main arm64 node-cacache all 17.0.3+~cs10.3.7-2 [45.2 kB]
Get:278 http://deb.debian.org/debian trixie/main arm64 node-is-binary-path all 2.1.0-5 [3,684 B]
Get:279 http://deb.debian.org/debian trixie/main arm64 node-path-is-absolute all 2.0.0-2 [4,068 B]
Get:280 http://deb.debian.org/debian trixie/main arm64 node-set-immediate-shim all 2.0.0-2 [3,740 B]
Get:281 http://deb.debian.org/debian trixie/main arm64 node-readdirp all 3.6.0-1 [11.5 kB]
Get:282 http://deb.debian.org/debian trixie/main arm64 node-chokidar all 3.6.0-3 [32.4 kB]
Get:283 http://deb.debian.org/debian trixie/main arm64 node-tslib all 2.4.1-1 [19.5 kB]
Get:284 http://deb.debian.org/debian trixie/main arm64 node-chrome-trace-event all 1.0.3-2 [6,984 B]
Get:285 http://deb.debian.org/debian trixie/main arm64 node-ci-info all 4.0.0+~cs1.1.0-1 [12.5 kB]
Get:286 http://deb.debian.org/debian trixie/main arm64 node-colors all 1.4.0-4 [11.9 kB]
Get:287 http://deb.debian.org/debian trixie/main arm64 node-cli-table all 0.3.11+~cs0.13.4-3 [23.6 kB]
Get:288 http://deb.debian.org/debian trixie/main arm64 node-columnify all 1.6.0+~1.5.1-1 [12.4 kB]
Get:289 http://deb.debian.org/debian trixie/main arm64 node-console-control-strings all 1.1.0-3 [5,564 B]
Get:290 http://deb.debian.org/debian trixie/main arm64 node-css-selector-tokenizer all 0.8.0+~cs4.8.3-1 [13.0 kB]
Get:291 http://deb.debian.org/debian trixie/main arm64 node-postcss all 8.4.49+~cs9.2.32-1 [189 kB]
Get:292 http://deb.debian.org/debian trixie/main arm64 node-icss-utils all 5.1.0+~5.1.0-1 [7,564 B]
Get:293 http://deb.debian.org/debian trixie/main arm64 node-postcss-modules-extract-imports all 3.0.0-2 [6,584 B]
Get:294 http://deb.debian.org/debian trixie/main arm64 node-postcss-modules-values all 4.0.0+~4.0.0-1 [7,180 B]
Get:295 http://deb.debian.org/debian trixie/main arm64 node-postcss-value-parser all 4.2.0-1 [10.4 kB]
Get:296 http://deb.debian.org/debian trixie/main arm64 node-prr all 1.0.1-3 [4,352 B]
Get:297 http://deb.debian.org/debian trixie/main arm64 node-errno all 1.0.0-3 [7,736 B]
Get:298 http://deb.debian.org/debian trixie/main arm64 node-memory-fs all 0.5.0+~0.3.3-2 [7,676 B]
Get:299 http://deb.debian.org/debian trixie/main arm64 node-tapable all 2.2.1-3 [13.5 kB]
Get:300 http://deb.debian.org/debian trixie/main arm64 node-enhanced-resolve all 5.15.0-1 [36.4 kB]
Get:301 http://deb.debian.org/debian trixie/main arm64 node-es-module-lexer all 1.1.0+dfsg-3 [19.8 kB]
Get:302 http://deb.debian.org/debian trixie/main arm64 node-events all 3.3.0+~3.0.0-3 [5,888 B]
Get:303 http://deb.debian.org/debian trixie/main arm64 node-resolve-cwd all 3.0.0-2 [4,212 B]
Get:304 http://deb.debian.org/debian trixie/main arm64 node-jest-debbundle all 29.6.2~ds1+~cs73.45.28-5 [135 kB]
Get:305 http://deb.debian.org/debian trixie/main arm64 node-interpret all 2.2.0-3 [7,660 B]
Get:306 http://deb.debian.org/debian trixie/main arm64 node-merge-stream all 2.0.0+~1.1.2-2 [5,124 B]
Get:307 http://deb.debian.org/debian trixie/main arm64 node-jest-worker all 29.6.2~ds1+~cs73.45.28-5 [116 kB]
Get:308 http://deb.debian.org/debian trixie/main arm64 node-loader-runner all 4.3.0-1 [7,644 B]
Get:309 http://deb.debian.org/debian trixie/main arm64 node-mime all 3.0.0+dfsg+~cs6.97.2-2 [40.3 kB]
Get:310 http://deb.debian.org/debian trixie/main arm64 node-mime-types all 2.1.35-2 [8,752 B]
Get:311 http://deb.debian.org/debian trixie/main arm64 node-rechoir all 0.8.0+~0.6.1-2 [6,628 B]
Get:312 http://deb.debian.org/debian trixie/main arm64 node-schema-utils all 4.2.0~ds-3 [22.0 kB]
Get:313 http://deb.debian.org/debian trixie/main arm64 node-randombytes all 2.1.0+~2.0.0-2 [4,852 B]
Get:314 http://deb.debian.org/debian trixie/main arm64 node-serialize-javascript all 6.0.2-1 [13.0 kB]
Get:315 http://deb.debian.org/debian trixie/main arm64 node-watchpack all 2.4.0+~cs2.8.1-1 [20.2 kB]
Get:316 http://deb.debian.org/debian trixie/main arm64 node-webassemblyjs all 1.11.4+dfsg+~cs10.11.17-2 [139 kB]
Get:317 http://deb.debian.org/debian trixie/main arm64 node-source-list-map all 2.0.1+dfsg+~0.1.2-1 [10.1 kB]
Get:318 http://deb.debian.org/debian trixie/main arm64 node-webpack-sources all 3.2.3+~3.2.0-2 [23.2 kB]
Get:319 http://deb.debian.org/debian trixie/main arm64 node-terser all 5.38.0-1 [220 kB]
Get:320 http://deb.debian.org/debian trixie/main arm64 terser all 5.38.0-1 [19.4 kB]
Get:321 http://deb.debian.org/debian trixie/main arm64 node-get-stream all 8.0.1-11 [11.6 kB]
Get:322 http://deb.debian.org/debian trixie/main arm64 node-mimic-fn all 4.0.0-5 [5,492 B]
Get:323 http://deb.debian.org/debian trixie/main arm64 node-strip-eof all 3.0.0-5 [4,656 B]
Get:324 http://deb.debian.org/debian trixie/main arm64 node-execa all 8.0.1+dfsg1+~cs12.0.0-1 [43.9 kB]
Get:325 http://deb.debian.org/debian trixie/main arm64 node-envinfo all 7.11.0+~cs14.3.0-3 [32.6 kB]
Get:326 http://deb.debian.org/debian trixie/main arm64 webpack all 5.97.1+dfsg1+~cs11.18.27-3 [810 kB]
Get:327 http://deb.debian.org/debian trixie/main arm64 node-css-loader all 6.8.1+~cs14.0.17-1 [74.5 kB]
Get:328 http://deb.debian.org/debian trixie/main arm64 node-data-uri-to-buffer all 6.0.2~0~2024040606-6+deb13u1 [9,180 B]
Get:329 http://deb.debian.org/debian trixie/main arm64 node-mimic-response all 3.1.0-9 [5,424 B]
Get:330 http://deb.debian.org/debian trixie/main arm64 node-decompress-response all 6.0.0-3 [4,656 B]
Get:331 http://deb.debian.org/debian trixie/main arm64 node-depd all 2.0.0-2 [11.2 kB]
Get:332 http://deb.debian.org/debian trixie/main arm64 node-diff all 5.0.0~dfsg+~5.0.1-4 [69.7 kB]
Get:333 http://deb.debian.org/debian trixie/main arm64 node-err-code all 2.0.3+dfsg-3 [4,884 B]
Get:334 http://deb.debian.org/debian trixie/main arm64 node-time-stamp all 2.2.0-2 [6,016 B]
Get:335 http://deb.debian.org/debian trixie/main arm64 node-fancy-log all 1.3.3+~cs1.3.1-2 [7,940 B]
Get:336 http://deb.debian.org/debian trixie/main arm64 node-fetch all 3.3.2+~cs11.4.11-3 [213 kB]
Get:337 http://deb.debian.org/debian trixie/main arm64 node-has-unicode all 2.0.1-5 [3,992 B]
Get:338 http://deb.debian.org/debian trixie/main arm64 node-wide-align all 1.1.3-4 [4,244 B]
Get:339 http://deb.debian.org/debian trixie/main arm64 node-gauge all 4.0.4-2 [19.7 kB]
Get:340 http://deb.debian.org/debian trixie/main arm64 node-lowercase-keys all 2.0.0-2 [3,768 B]
Get:341 http://deb.debian.org/debian trixie/main arm64 node-json-buffer all 3.0.1+~3.0.0-1 [4,536 B]
Get:342 http://deb.debian.org/debian trixie/main arm64 node-p-cancelable all 2.1.1-1 [7,272 B]
Get:343 http://deb.debian.org/debian trixie/main arm64 node-got all 11.8.5+~cs58.13.36-5 [121 kB]
Get:344 http://deb.debian.org/debian trixie/main arm64 node-https-proxy-agent all 7.0.4~0~2024040606-6+deb13u1 [13.7 kB]
Get:345 http://deb.debian.org/debian trixie/main arm64 node-set-blocking all 2.0.0-2 [4,248 B]
Get:346 http://deb.debian.org/debian trixie/main arm64 node-npmlog all 7.0.1+~4.1.4-1 [11.4 kB]
Get:347 http://deb.debian.org/debian trixie/main arm64 node-osenv all 0.1.5+~0.1.1-1 [5,884 B]
Get:348 http://deb.debian.org/debian trixie/main arm64 node-tar all 6.2.1+~cs7.0.8-1+deb13u1 [52.7 kB]
Get:349 http://deb.debian.org/debian trixie/main arm64 node-gyp all 11.1.0+~5.0.0-1 [67.6 kB]
Get:350 http://deb.debian.org/debian trixie/main arm64 node-http-proxy-agent all 7.0.2~0~2024040606-6+deb13u1 [10.8 kB]
Get:351 http://deb.debian.org/debian trixie/main arm64 node-ieee754 all 1.2.1-3 [5,268 B]
Get:352 http://deb.debian.org/debian trixie/main arm64 node-ini all 3.0.1-2 [6,928 B]
Get:353 http://deb.debian.org/debian trixie/main arm64 node-ip all 2.0.1+~1.1.3-3 [8,616 B]
Get:354 http://deb.debian.org/debian trixie/main arm64 node-ip-regex all 4.3.0+~4.1.1-1 [5,188 B]
Get:355 http://deb.debian.org/debian trixie/main arm64 node-mute-stream all 0.0.8+~0.0.1-3 [6,232 B]
Get:356 http://deb.debian.org/debian trixie/main arm64 node-negotiator all 0.6.3+~0.6.1-1 [10.8 kB]
Get:357 http://deb.debian.org/debian trixie/main arm64 node-read-package-json all 5.0.2+~2.0.0-2 [11.6 kB]
Get:358 http://deb.debian.org/debian trixie/main arm64 node-npm-bundled all 2.0.1-2 [6,408 B]
Get:359 http://deb.debian.org/debian trixie/main arm64 node-validate-npm-package-name all 5.0.0+~4.0.0-1 [7,444 B]
Get:360 http://deb.debian.org/debian trixie/main arm64 node-npm-package-arg all 10.0.0+~3.0.0-2 [11.4 kB]
Get:361 http://deb.debian.org/debian trixie/main arm64 node-retry all 0.13.1.+~cs2.19.16-1 [14.2 kB]
Get:362 http://deb.debian.org/debian trixie/main arm64 node-promise-retry all 2.0.1-4 [5,016 B]
Get:363 http://deb.debian.org/debian trixie/main arm64 node-read all 1.0.7-5 [5,388 B]
Get:364 http://deb.debian.org/debian trixie/main arm64 node-promzard all 0.3.0-2 [6,788 B]
Get:365 http://deb.debian.org/debian trixie/main arm64 node-text-table all 0.2.0-4 [4,736 B]
Get:366 http://deb.debian.org/debian trixie/main arm64 npm all 9.2.0~ds1-3 [669 kB]
[91mdebconf: unable to initialize frontend: Dialog
debconf: (TERM is not set, so the dialog frontend is not usable.)
debconf: falling back to frontend: Readline
[0m[91mdebconf: unable to initialize frontend: Readline
debconf: (This frontend requires a controlling tty.)
debconf: falling back to frontend: Teletype
[0m[91mdebconf: unable to initialize frontend: Teletype
debconf: (This frontend requires a controlling tty.)
debconf: falling back to frontend: Noninteractive
[0mFetched 32.0 MB in 25s (1,289 kB/s)
Selecting previously unselected package libsystemd-shared:arm64.
(Reading database ... (Reading database ... 5%(Reading database ... 10%(Reading database ... 15%(Reading database ... 20%(Reading database ... 25%(Reading database ... 30%(Reading database ... 35%(Reading database ... 40%(Reading database ... 45%(Reading database ... 50%(Reading database ... 55%(Reading database ... 60%(Reading database ... 65%(Reading database ... 70%(Reading database ... 75%(Reading database ... 80%(Reading database ... 85%(Reading database ... 90%(Reading database ... 95%(Reading database ... 100%(Reading database ... 41591 files and directories currently installed.)
Preparing to unpack .../libsystemd-shared_257.13-1~deb13u1_arm64.deb ...
Unpacking libsystemd-shared:arm64 (257.13-1~deb13u1) ...
Setting up libsystemd-shared:arm64 (257.13-1~deb13u1) ...
Selecting previously unselected package systemd.
(Reading database ... (Reading database ... 5%(Reading database ... 10%(Reading database ... 15%(Reading database ... 20%(Reading database ... 25%(Reading database ... 30%(Reading database ... 35%(Reading database ... 40%(Reading database ... 45%(Reading database ... 50%(Reading database ... 55%(Reading database ... 60%(Reading database ... 65%(Reading database ... 70%(Reading database ... 75%(Reading database ... 80%(Reading database ... 85%(Reading database ... 90%(Reading database ... 95%(Reading database ... 100%(Reading database ... 41599 files and directories currently installed.)
Preparing to unpack .../systemd_257.13-1~deb13u1_arm64.deb ...
Unpacking systemd (257.13-1~deb13u1) ...
Selecting previously unselected package cron-daemon-common.
Preparing to unpack .../cron-daemon-common_3.0pl1-197_all.deb ...
Unpacking cron-daemon-common (3.0pl1-197) ...
Setting up systemd (257.13-1~deb13u1) ...
Created symlink '/etc/systemd/system/getty.target.wants/getty@tty1.service' → '/usr/lib/systemd/system/getty@.service'.
Created symlink '/etc/systemd/system/multi-user.target.wants/remote-fs.target' → '/usr/lib/systemd/system/remote-fs.target'.
Created symlink '/etc/systemd/system/sysinit.target.wants/systemd-pstore.service' → '/usr/lib/systemd/system/systemd-pstore.service'.
Initializing machine ID from D-Bus machine ID.
Creating group 'systemd-journal' with GID 998.
Creating group 'systemd-network' with GID 997.
Creating user 'systemd-network' (systemd Network Management) with UID 997 and GID 997.
/usr/lib/tmpfiles.d/legacy.conf:14: Duplicate line for path "/run/lock", ignoring.
Setting up cron-daemon-common (3.0pl1-197) ...
Creating group 'crontab' with GID 996.
Selecting previously unselected package cron.
(Reading database ... (Reading database ... 5%(Reading database ... 10%(Reading database ... 15%(Reading database ... 20%(Reading database ... 25%(Reading database ... 30%(Reading database ... 35%(Reading database ... 40%(Reading database ... 45%(Reading database ... 50%(Reading database ... 55%(Reading database ... 60%(Reading database ... 65%(Reading database ... 70%(Reading database ... 75%(Reading database ... 80%(Reading database ... 85%(Reading database ... 90%(Reading database ... 95%(Reading database ... 100%(Reading database ... 42538 files and directories currently installed.)
Preparing to unpack .../000-cron_3.0pl1-197_arm64.deb ...
Unpacking cron (3.0pl1-197) ...
Selecting previously unselected package sudo.
Preparing to unpack .../001-sudo_1.9.16p2-3+deb13u2_arm64.deb ...
Unpacking sudo (1.9.16p2-3+deb13u2) ...
Selecting previously unselected package node-fast-deep-equal.
Preparing to unpack .../002-node-fast-deep-equal_3.1.3-3_all.deb ...
Unpacking node-fast-deep-equal (3.1.3-3) ...
Selecting previously unselected package node-json-schema-traverse.
Preparing to unpack .../003-node-json-schema-traverse_1.0.0-3_all.deb ...
Unpacking node-json-schema-traverse (1.0.0-3) ...
Selecting previously unselected package node-jsonify.
Preparing to unpack .../004-node-jsonify_0.0.1-1_all.deb ...
Unpacking node-jsonify (0.0.1-1) ...
Selecting previously unselected package node-json-stable-stringify.
Preparing to unpack .../005-node-json-stable-stringify_1.0.2+repack1+~cs1.0.34-2_all.deb ...
Unpacking node-json-stable-stringify (1.0.2+repack1+~cs1.0.34-2) ...
Selecting previously unselected package node-punycode.
Preparing to unpack .../006-node-punycode_2.3.1+~2.1.4-1_all.deb ...
Unpacking node-punycode (2.3.1+~2.1.4-1) ...
Selecting previously unselected package node-uri-js.
Preparing to unpack .../007-node-uri-js_4.4.0+dfsg-8_all.deb ...
Unpacking node-uri-js (4.4.0+dfsg-8) ...
Selecting previously unselected package libcares2:arm64.
Preparing to unpack .../008-libcares2_1.34.5-1+deb13u1_arm64.deb ...
Unpacking libcares2:arm64 (1.34.5-1+deb13u1) ...
Selecting previously unselected package libuv1t64:arm64.
Preparing to unpack .../009-libuv1t64_1.50.0-2_arm64.deb ...
Unpacking libuv1t64:arm64 (1.50.0-2) ...
Selecting previously unselected package node-xtend.
Preparing to unpack .../010-node-xtend_4.0.2-3_all.deb ...
Unpacking node-xtend (4.0.2-3) ...
Selecting previously unselected package node-acorn.
Preparing to unpack .../011-node-acorn_8.8.1+ds+~cs25.17.7-2_all.deb ...
Unpacking node-acorn (8.8.1+ds+~cs25.17.7-2) ...
Selecting previously unselected package node-cjs-module-lexer.
Preparing to unpack .../012-node-cjs-module-lexer_1.2.3+dfsg-1_all.deb ...
Unpacking node-cjs-module-lexer (1.2.3+dfsg-1) ...
Selecting previously unselected package node-balanced-match.
Preparing to unpack .../013-node-balanced-match_2.0.0-1_all.deb ...
Unpacking node-balanced-match (2.0.0-1) ...
Selecting previously unselected package node-brace-expansion.
Preparing to unpack .../014-node-brace-expansion_2.0.1+~1.1.0-2_all.deb ...
Unpacking node-brace-expansion (2.0.1+~1.1.0-2) ...
Selecting previously unselected package node-minimatch.
Preparing to unpack .../015-node-minimatch_9.0.3-6_all.deb ...
Unpacking node-minimatch (9.0.3-6) ...
Selecting previously unselected package node-undici.
Preparing to unpack .../016-node-undici_7.3.0+dfsg1+~cs24.12.11-1_all.deb ...
Unpacking node-undici (7.3.0+dfsg1+~cs24.12.11-1) ...
Selecting previously unselected package libnode115:arm64.
Preparing to unpack .../017-libnode115_20.19.2+dfsg-1+deb13u2_arm64.deb ...
Unpacking libnode115:arm64 (20.19.2+dfsg-1+deb13u2) ...
Selecting previously unselected package node-corepack.
Preparing to unpack .../018-node-corepack_0.24.0-5_all.deb ...
Unpacking node-corepack (0.24.0-5) ...
Selecting previously unselected package nodejs.
Preparing to unpack .../019-nodejs_20.19.2+dfsg-1+deb13u2_arm64.deb ...
Unpacking nodejs (20.19.2+dfsg-1+deb13u2) ...
Selecting previously unselected package node-ajv.
Preparing to unpack .../020-node-ajv_8.12.0~ds+~2.1.1-5_all.deb ...
Unpacking node-ajv (8.12.0~ds+~2.1.1-5) ...
Selecting previously unselected package libjs-inherits.
Preparing to unpack .../021-libjs-inherits_2.0.4-6_all.deb ...
Unpacking libjs-inherits (2.0.4-6) ...
Selecting previously unselected package node-inherits.
Preparing to unpack .../022-node-inherits_2.0.4-6_all.deb ...
Unpacking node-inherits (2.0.4-6) ...
Selecting previously unselected package node-core-util-is.
Preparing to unpack .../023-node-core-util-is_1.0.3-1_all.deb ...
Unpacking node-core-util-is (1.0.3-1) ...
Selecting previously unselected package node-safe-buffer.
Preparing to unpack .../024-node-safe-buffer_5.2.1+~cs2.1.2-3_all.deb ...
Unpacking node-safe-buffer (5.2.1+~cs2.1.2-3) ...
Selecting previously unselected package node-string-decoder.
Preparing to unpack .../025-node-string-decoder_1.3.0-6_all.deb ...
Unpacking node-string-decoder (1.3.0-6) ...
Selecting previously unselected package node-process-nextick-args.
Preparing to unpack .../026-node-process-nextick-args_2.0.1-3_all.deb ...
Unpacking node-process-nextick-args (2.0.1-3) ...
Selecting previously unselected package node-util-deprecate.
Preparing to unpack .../027-node-util-deprecate_1.0.2-3_all.deb ...
Unpacking node-util-deprecate (1.0.2-3) ...
Selecting previously unselected package node-isarray.
Preparing to unpack .../028-node-isarray_2.0.5-4_all.deb ...
Unpacking node-isarray (2.0.5-4) ...
Selecting previously unselected package node-readable-stream.
Preparing to unpack .../029-node-readable-stream_3.6.0+~cs3.0.0-4_all.deb ...
Unpacking node-readable-stream (3.6.0+~cs3.0.0-4) ...
Selecting previously unselected package node-typedarray.
Preparing to unpack .../030-node-typedarray_0.0.7-1_all.deb ...
Unpacking node-typedarray (0.0.7-1) ...
Selecting previously unselected package node-concat-stream.
Preparing to unpack .../031-node-concat-stream_2.0.0+~2.0.0-2_all.deb ...
Unpacking node-concat-stream (2.0.0+~2.0.0-2) ...
Selecting previously unselected package node-ms.
Preparing to unpack .../032-node-ms_2.1.3+~cs0.7.31-3_all.deb ...
Unpacking node-ms (2.1.3+~cs0.7.31-3) ...
Selecting previously unselected package node-debug.
Preparing to unpack .../033-node-debug_4.3.4+~cs4.1.7-1_all.deb ...
Unpacking node-debug (4.3.4+~cs4.1.7-1) ...
Selecting previously unselected package node-esutils.
Preparing to unpack .../034-node-esutils_2.0.3+~2.0.0-1_all.deb ...
Unpacking node-esutils (2.0.3+~2.0.0-1) ...
Selecting previously unselected package node-doctrine.
Preparing to unpack .../035-node-doctrine_3.0.0-4_all.deb ...
Unpacking node-doctrine (3.0.0-4) ...
Selecting previously unselected package node-eslint-visitor-keys.
Preparing to unpack .../036-node-eslint-visitor-keys_3.3.0+~1.0.0-1_all.deb ...
Unpacking node-eslint-visitor-keys (3.3.0+~1.0.0-1) ...
Selecting previously unselected package node-estraverse.
Preparing to unpack .../037-node-estraverse_5.3.0+ds+~5.1.1-1_all.deb ...
Unpacking node-estraverse (5.3.0+ds+~5.1.1-1) ...
Selecting previously unselected package node-object-assign.
Preparing to unpack .../038-node-object-assign_4.1.1-7_all.deb ...
Unpacking node-object-assign (4.1.1-7) ...
Selecting previously unselected package node-esrecurse.
Preparing to unpack .../039-node-esrecurse_4.3.0-2_all.deb ...
Unpacking node-esrecurse (4.3.0-2) ...
Selecting previously unselected package node-eslint-scope.
Preparing to unpack .../040-node-eslint-scope_7.1.1+~3.7.4-1_all.deb ...
Unpacking node-eslint-scope (7.1.1+~3.7.4-1) ...
Selecting previously unselected package node-espree.
Preparing to unpack .../041-node-espree_9.4.1~dfsg-2_all.deb ...
Unpacking node-espree (9.4.1~dfsg-2) ...
Selecting previously unselected package node-esquery.
Preparing to unpack .../042-node-esquery_1.4.2~ds-1_all.deb ...
Unpacking node-esquery (1.4.2~ds-1) ...
Selecting previously unselected package node-eslint-utils.
Preparing to unpack .../043-node-eslint-utils_3.0.0-3_all.deb ...
Unpacking node-eslint-utils (3.0.0-3) ...
Selecting previously unselected package node-flatted.
Preparing to unpack .../044-node-flatted_3.2.7~ds-1+deb13u1_all.deb ...
Unpacking node-flatted (3.2.7~ds-1+deb13u1) ...
Selecting previously unselected package node-fs.realpath.
Preparing to unpack .../045-node-fs.realpath_1.0.0-3_all.deb ...
Unpacking node-fs.realpath (1.0.0-3) ...
Selecting previously unselected package node-wrappy.
Preparing to unpack .../046-node-wrappy_1.0.2-3_all.deb ...
Unpacking node-wrappy (1.0.2-3) ...
Selecting previously unselected package node-once.
Preparing to unpack .../047-node-once_1.4.1-1_all.deb ...
Unpacking node-once (1.4.1-1) ...
Selecting previously unselected package node-inflight.
Preparing to unpack .../048-node-inflight_1.0.6-2_all.deb ...
Unpacking node-inflight (1.0.6-2) ...
Selecting previously unselected package node-glob.
Preparing to unpack .../049-node-glob_8.1.0+~cs8.5.15-1_all.deb ...
Unpacking node-glob (8.1.0+~cs8.5.15-1) ...
Selecting previously unselected package node-rimraf.
Preparing to unpack .../050-node-rimraf_3.0.2-2_all.deb ...
Unpacking node-rimraf (3.0.2-2) ...
Selecting previously unselected package node-write.
Preparing to unpack .../051-node-write_2.0.0~6.0.1+~3.0.4+~2.0.0+~1.0.0+~2.0.1-1_all.deb ...
Unpacking node-write (2.0.0~6.0.1+~3.0.4+~2.0.0+~1.0.0+~2.0.1-1) ...
Selecting previously unselected package node-flat-cache.
Preparing to unpack .../052-node-flat-cache_3.0.4~6.0.1+~3.0.4+~2.0.0+~1.0.0+~2.0.1-1_all.deb ...
Unpacking node-flat-cache (3.0.4~6.0.1+~3.0.4+~2.0.0+~1.0.0+~2.0.1-1) ...
Selecting previously unselected package node-file-entry-cache.
Preparing to unpack .../053-node-file-entry-cache_6.0.1+~3.0.4+~2.0.0+~1.0.0+~2.0.1-1_all.deb ...
Unpacking node-file-entry-cache (6.0.1+~3.0.4+~2.0.0+~1.0.0+~2.0.1-1) ...
Selecting previously unselected package node-functional-red-black-tree.
Preparing to unpack .../054-node-functional-red-black-tree_1.0.1+20181105-7_all.deb ...
Unpacking node-functional-red-black-tree (1.0.1+20181105-7) ...
Selecting previously unselected package node-is-extglob.
Preparing to unpack .../055-node-is-extglob_2.1.1-5_all.deb ...
Unpacking node-is-extglob (2.1.1-5) ...
Selecting previously unselected package node-is-glob.
Preparing to unpack .../056-node-is-glob_4.0.3-2_all.deb ...
Unpacking node-is-glob (4.0.3-2) ...
Selecting previously unselected package node-path-dirname.
Preparing to unpack .../057-node-path-dirname_1.0.2-2_all.deb ...
Unpacking node-path-dirname (1.0.2-2) ...
Selecting previously unselected package node-glob-parent.
Preparing to unpack .../058-node-glob-parent_6.0.2+~5.1.1-2_all.deb ...
Unpacking node-glob-parent (6.0.2+~5.1.1-2) ...
Selecting previously unselected package node-globals.
Preparing to unpack .../059-node-globals_13.23.0-1_all.deb ...
Unpacking node-globals (13.23.0-1) ...
Selecting previously unselected package node-resolve-from.
Preparing to unpack .../060-node-resolve-from_5.0.0+~3.1.0+~3.3.0+~2.0.0-1_all.deb ...
Unpacking node-resolve-from (5.0.0+~3.1.0+~3.3.0+~2.0.0-1) ...
Selecting previously unselected package node-imurmurhash.
Preparing to unpack .../061-node-imurmurhash_0.1.4+dfsg+~0.1.1-2_all.deb ...
Unpacking node-imurmurhash (0.1.4+dfsg+~0.1.1-2) ...
Selecting previously unselected package node-ignore.
Preparing to unpack .../062-node-ignore_5.2.1-1_all.deb ...
Unpacking node-ignore (5.2.1-1) ...
Selecting previously unselected package node-prelude-ls.
Preparing to unpack .../063-node-prelude-ls_1.2.1+dfsg-3_all.deb ...
Unpacking node-prelude-ls (1.2.1+dfsg-3) ...
Selecting previously unselected package node-type-check.
Preparing to unpack .../064-node-type-check_0.4.0+dfsg-3_all.deb ...
Unpacking node-type-check (0.4.0+dfsg-3) ...
Selecting previously unselected package node-levn.
Preparing to unpack .../065-node-levn_0.4.1+dfsg-2_all.deb ...
Unpacking node-levn (0.4.1+dfsg-2) ...
Selecting previously unselected package node-lodash.
Preparing to unpack .../066-node-lodash_4.17.21+dfsg+~cs8.31.198.20210220-9_all.deb ...
Unpacking node-lodash (4.17.21+dfsg+~cs8.31.198.20210220-9) ...
Selecting previously unselected package node-memfs.
Preparing to unpack .../067-node-memfs_3.4.12+~cs1.0.3-1_all.deb ...
Unpacking node-memfs (3.4.12+~cs1.0.3-1) ...
Selecting previously unselected package node-mkdirp.
Preparing to unpack .../068-node-mkdirp_2.1.6+~cs5.2.1-2_all.deb ...
Unpacking node-mkdirp (2.1.6+~cs5.2.1-2) ...
Selecting previously unselected package node-deep-is.
Preparing to unpack .../069-node-deep-is_0.1.4-1_all.deb ...
Unpacking node-deep-is (0.1.4-1) ...
Selecting previously unselected package node-fast-levenshtein.
Preparing to unpack .../070-node-fast-levenshtein_2.0.6+ds-3_all.deb ...
Unpacking node-fast-levenshtein (2.0.6+ds-3) ...
Selecting previously unselected package node-optionator.
Preparing to unpack .../071-node-optionator_0.9.1+dfsg+~cs1.2.3-1_all.deb ...
Unpacking node-optionator (0.9.1+dfsg+~cs1.2.3-1) ...
Selecting previously unselected package node-progress.
Preparing to unpack .../072-node-progress_2.0.3-2_all.deb ...
Unpacking node-progress (2.0.3-2) ...
Selecting previously unselected package libjs-regenerate.
Preparing to unpack .../073-libjs-regenerate_1.4.2-3_all.deb ...
Unpacking libjs-regenerate (1.4.2-3) ...
Selecting previously unselected package node-regenerate.
Preparing to unpack .../074-node-regenerate_1.4.2-3_all.deb ...
Unpacking node-regenerate (1.4.2-3) ...
Selecting previously unselected package node-regenerate-unicode-properties.
Preparing to unpack .../075-node-regenerate-unicode-properties_10.1.0+ds-1_all.deb ...
Unpacking node-regenerate-unicode-properties (10.1.0+ds-1) ...
Selecting previously unselected package node-regexpp.
Preparing to unpack .../076-node-regexpp_3.2.0-5_all.deb ...
Unpacking node-regexpp (3.2.0-5) ...
Selecting previously unselected package node-lru-cache.
Preparing to unpack .../077-node-lru-cache_10.0.1-3_all.deb ...
Unpacking node-lru-cache (10.0.1-3) ...
Selecting previously unselected package node-semver.
Preparing to unpack .../078-node-semver_7.6.1+~7.5.8-2_all.deb ...
Unpacking node-semver (7.6.1+~7.5.8-2) ...
Selecting previously unselected package node-strip-json-comments.
Preparing to unpack .../079-node-strip-json-comments_4.0.0-4_all.deb ...
Unpacking node-strip-json-comments (4.0.0-4) ...
Selecting previously unselected package node-json-schema.
Preparing to unpack .../080-node-json-schema_0.4.0+~7.0.11-1_all.deb ...
Unpacking node-json-schema (0.4.0+~7.0.11-1) ...
Selecting previously unselected package node-v8-compile-cache.
Preparing to unpack .../081-node-v8-compile-cache_2.4.0-2_all.deb ...
Unpacking node-v8-compile-cache (2.4.0-2) ...
Selecting previously unselected package eslint.
Preparing to unpack .../082-eslint_6.4.0~dfsg+~6.1.9-12_all.deb ...
Unpacking eslint (6.4.0~dfsg+~6.1.9-12) ...
Selecting previously unselected package gyp.
Preparing to unpack .../083-gyp_0.16.2-2_all.deb ...
Unpacking gyp (0.16.2-2) ...
Selecting previously unselected package node-neo-async.
Preparing to unpack .../084-node-neo-async_2.6.2+~cs3.0.0-3_all.deb ...
Unpacking node-neo-async (2.6.2+~cs3.0.0-3) ...
Selecting previously unselected package node-arrify.
Preparing to unpack .../085-node-arrify_2.0.1-3_all.deb ...
Unpacking node-arrify (2.0.1-3) ...
Selecting previously unselected package node-is-plain-obj.
Preparing to unpack .../086-node-is-plain-obj_3.0.0-2_all.deb ...
Unpacking node-is-plain-obj (3.0.0-2) ...
Selecting previously unselected package node-is-buffer.
Preparing to unpack .../087-node-is-buffer_2.0.5-2_all.deb ...
Unpacking node-is-buffer (2.0.5-2) ...
Selecting previously unselected package node-kind-of.
Preparing to unpack .../088-node-kind-of_6.0.3+dfsg-2_all.deb ...
Unpacking node-kind-of (6.0.3+dfsg-2) ...
Selecting previously unselected package node-minimist.
Preparing to unpack .../089-node-minimist_1.2.8+~cs5.3.5-1_all.deb ...
Unpacking node-minimist (1.2.8+~cs5.3.5-1) ...
Selecting previously unselected package node-wordwrap.
Preparing to unpack .../090-node-wordwrap_1.0.0-4_all.deb ...
Unpacking node-wordwrap (1.0.0-4) ...
Selecting previously unselected package node-optimist.
Preparing to unpack .../091-node-optimist_0.6.1+~0.0.30-2_all.deb ...
Unpacking node-optimist (0.6.1+~0.0.30-2) ...
Selecting previously unselected package libjs-source-map.
Preparing to unpack .../092-libjs-source-map_0.7.0++dfsg2+really.0.6.1-15_all.deb ...
Unpacking libjs-source-map (0.7.0++dfsg2+really.0.6.1-15) ...
Selecting previously unselected package node-source-map.
Preparing to unpack .../093-node-source-map_0.7.0++dfsg2+really.0.6.1-15_all.deb ...
Unpacking node-source-map (0.7.0++dfsg2+really.0.6.1-15) ...
Selecting previously unselected package handlebars.
Preparing to unpack .../094-handlebars_3%3a4.7.7+~4.1.0-1_all.deb ...
Unpacking handlebars (3:4.7.7+~4.1.0-1) ...
Selecting previously unselected package libjs-events.
Preparing to unpack .../095-libjs-events_3.3.0+~3.0.0-3_all.deb ...
Unpacking libjs-events (3.3.0+~3.0.0-3) ...
Selecting previously unselected package libjs-is-typedarray.
Preparing to unpack .../096-libjs-is-typedarray_1.0.0-4_all.deb ...
Unpacking libjs-is-typedarray (1.0.0-4) ...
Selecting previously unselected package libjs-prettify.
Preparing to unpack .../097-libjs-prettify_2015.12.04+dfsg-1.1_all.deb ...
Unpacking libjs-prettify (2015.12.04+dfsg-1.1) ...
Selecting previously unselected package libjs-sprintf-js.
Preparing to unpack .../098-libjs-sprintf-js_1.1.2+ds1+~1.1.2-1_all.deb ...
Unpacking libjs-sprintf-js (1.1.2+ds1+~1.1.2-1) ...
Selecting previously unselected package libjs-typedarray-to-buffer.
Preparing to unpack .../099-libjs-typedarray-to-buffer_4.0.0-2_all.deb ...
Unpacking libjs-typedarray-to-buffer (4.0.0-2) ...
Selecting previously unselected package node-lodash-packages.
Preparing to unpack .../100-node-lodash-packages_4.17.21+dfsg+~cs8.31.198.20210220-9_all.deb ...
Unpacking node-lodash-packages (4.17.21+dfsg+~cs8.31.198.20210220-9) ...
Selecting previously unselected package node-function-bind.
Preparing to unpack .../101-node-function-bind_1.1.2+~cs2.1.14-1_all.deb ...
Unpacking node-function-bind (1.1.2+~cs2.1.14-1) ...
Selecting previously unselected package node-object-inspect.
Preparing to unpack .../102-node-object-inspect_1.12.2+~cs1.8.1-1_all.deb ...
Unpacking node-object-inspect (1.12.2+~cs1.8.1-1) ...
Selecting previously unselected package node-es-abstract.
Preparing to unpack .../103-node-es-abstract_1.20.4+~cs26.27.47-2_all.deb ...
Unpacking node-es-abstract (1.20.4+~cs26.27.47-2) ...
Selecting previously unselected package node-resolve.
Preparing to unpack .../104-node-resolve_1.22.8+~cs5.34.15-2_all.deb ...
Unpacking node-resolve (1.22.8+~cs5.34.15-2) ...
Selecting previously unselected package node-define-properties.
Preparing to unpack .../105-node-define-properties_1.2.1+~cs2.2.3-1_all.deb ...
Unpacking node-define-properties (1.2.1+~cs2.2.3-1) ...
Selecting previously unselected package node-debbundle-es-to-primitive.
Preparing to unpack .../106-node-debbundle-es-to-primitive_1.2.1+~cs9.7.25-2_all.deb ...
Unpacking node-debbundle-es-to-primitive (1.2.1+~cs9.7.25-2) ...
Selecting previously unselected package node-isobject.
Preparing to unpack .../107-node-isobject_4.0.0-2_all.deb ...
Unpacking node-isobject (4.0.0-2) ...
Selecting previously unselected package node-is-descriptor.
Preparing to unpack .../108-node-is-descriptor_3.0.0-2_all.deb ...
Unpacking node-is-descriptor (3.0.0-2) ...
Selecting previously unselected package node-define-property.
Preparing to unpack .../109-node-define-property_2.0.2+really+2.0.2-3_all.deb ...
Unpacking node-define-property (2.0.2+really+2.0.2-3) ...
Selecting previously unselected package node-defined.
Preparing to unpack .../110-node-defined_1.0.1+~1.0.0-1_all.deb ...
Unpacking node-defined (1.0.1+~1.0.0-1) ...
Selecting previously unselected package node-abbrev.
Preparing to unpack .../111-node-abbrev_1.1.1+~1.1.2-1_all.deb ...
Unpacking node-abbrev (1.1.1+~1.1.2-1) ...
Selecting previously unselected package node-archy.
Preparing to unpack .../112-node-archy_1.0.0-6_all.deb ...
Unpacking node-archy (1.0.0-6) ...
Selecting previously unselected package node-async.
Preparing to unpack .../113-node-async_3.2.6+dfsg-2_all.deb ...
Unpacking node-async (3.2.6+dfsg-2) ...
Selecting previously unselected package node-convert-source-map.
Preparing to unpack .../114-node-convert-source-map_1.9.0+~1.5.2-1_all.deb ...
Unpacking node-convert-source-map (1.9.0+~1.5.2-1) ...
Selecting previously unselected package node-decamelize.
Preparing to unpack .../115-node-decamelize_4.0.0-2_all.deb ...
Unpacking node-decamelize (4.0.0-2) ...
Selecting previously unselected package node-es6-error.
Preparing to unpack .../116-node-es6-error_4.1.1-5_all.deb ...
Unpacking node-es6-error (4.1.1-5) ...
Selecting previously unselected package node-esprima.
Preparing to unpack .../117-node-esprima_4.0.1+ds+~4.0.3-2_all.deb ...
Unpacking node-esprima (4.0.1+ds+~4.0.3-2) ...
Selecting previously unselected package node-escodegen.
Preparing to unpack .../118-node-escodegen_2.1.0+dfsg+~0.0.8-1_all.deb ...
Unpacking node-escodegen (2.1.0+dfsg+~0.0.8-1) ...
Selecting previously unselected package node-commondir.
Preparing to unpack .../119-node-commondir_1.0.1+~1.0.0-1_all.deb ...
Unpacking node-commondir (1.0.1+~1.0.0-1) ...
Selecting previously unselected package node-is-number.
Preparing to unpack .../120-node-is-number_7.0.0-4_all.deb ...
Unpacking node-is-number (7.0.0-4) ...
Selecting previously unselected package node-repeat-string.
Preparing to unpack .../121-node-repeat-string_1.6.1+repack-1_all.deb ...
Unpacking node-repeat-string (1.6.1+repack-1) ...
Selecting previously unselected package node-to-regex-range.
Preparing to unpack .../122-node-to-regex-range_5.0.1-4_all.deb ...
Unpacking node-to-regex-range (5.0.1-4) ...
Selecting previously unselected package node-fill-range.
Preparing to unpack .../123-node-fill-range_7.1.1+~7.0.3-1_all.deb ...
Unpacking node-fill-range (7.1.1+~7.0.3-1) ...
Selecting previously unselected package node-braces.
Preparing to unpack .../124-node-braces_3.0.3+~3.0.5-1_all.deb ...
Unpacking node-braces (3.0.3+~3.0.5-1) ...
Selecting previously unselected package node-normalize-path.
Preparing to unpack .../125-node-normalize-path_3.0.0+~3.0.0-1_all.deb ...
Unpacking node-normalize-path (3.0.0+~3.0.0-1) ...
Selecting previously unselected package node-anymatch.
Preparing to unpack .../126-node-anymatch_3.1.3+~cs4.6.1-2_all.deb ...
Unpacking node-anymatch (3.1.3+~cs4.6.1-2) ...
Selecting previously unselected package node-micromatch.
Preparing to unpack .../127-node-micromatch_4.0.7+~4.0.9-1_all.deb ...
Unpacking node-micromatch (4.0.7+~4.0.9-1) ...
Selecting previously unselected package node-pify.
Preparing to unpack .../128-node-pify_5.0.0+~cs5.0.1-1_all.deb ...
Unpacking node-pify (5.0.0+~cs5.0.1-1) ...
Selecting previously unselected package node-path-type.
Preparing to unpack .../129-node-path-type_4.0.0-3_all.deb ...
Unpacking node-path-type (4.0.0-3) ...
Selecting previously unselected package node-n3.
Preparing to unpack .../130-node-n3_1.16.3+~1.2.3+~1.10.4-1_all.deb ...
Unpacking node-n3 (1.16.3+~1.2.3+~1.10.4-1) ...
Selecting previously unselected package node-slash.
Preparing to unpack .../131-node-slash_4.0.0-3_all.deb ...
Unpacking node-slash (4.0.0-3) ...
Selecting previously unselected package node-globby.
Preparing to unpack .../132-node-globby_13.1.3+~cs16.25.40-3_all.deb ...
Unpacking node-globby (13.1.3+~cs16.25.40-3) ...
Selecting previously unselected package node-graceful-fs.
Preparing to unpack .../133-node-graceful-fs_4.2.10-1_all.deb ...
Unpacking node-graceful-fs (4.2.10-1) ...
Selecting previously unselected package node-is-path-cwd.
Preparing to unpack .../134-node-is-path-cwd_2.2.0-2_all.deb ...
Unpacking node-is-path-cwd (2.2.0-2) ...
Selecting previously unselected package node-path-is-inside.
Preparing to unpack .../135-node-path-is-inside_1.0.2+~1.0.0-1_all.deb ...
Unpacking node-path-is-inside (1.0.2+~1.0.0-1) ...
Selecting previously unselected package node-is-path-inside.
Preparing to unpack .../136-node-is-path-inside_3.0.3-2_all.deb ...
Unpacking node-is-path-inside (3.0.3-2) ...
Selecting previously unselected package node-escape-string-regexp.
Preparing to unpack .../137-node-escape-string-regexp_4.0.0-2_all.deb ...
Unpacking node-escape-string-regexp (4.0.0-2) ...
Selecting previously unselected package node-indent-string.
Preparing to unpack .../138-node-indent-string_4.0.0-2_all.deb ...
Unpacking node-indent-string (4.0.0-2) ...
Selecting previously unselected package node-p-map.
Preparing to unpack .../139-node-p-map_4.0.0+~3.1.0+~3.0.1-2_all.deb ...
Unpacking node-p-map (4.0.0+~3.1.0+~3.0.1-2) ...
Selecting previously unselected package node-del.
Preparing to unpack .../140-node-del_7.1.0-1_all.deb ...
Unpacking node-del (7.1.0-1) ...
Selecting previously unselected package node-make-dir.
Preparing to unpack .../141-node-make-dir_3.1.0-3_all.deb ...
Unpacking node-make-dir (3.1.0-3) ...
Selecting previously unselected package node-p-limit.
Preparing to unpack .../142-node-p-limit_4.0.0+~cs4.0.0-5_all.deb ...
Unpacking node-p-limit (4.0.0+~cs4.0.0-5) ...
Selecting previously unselected package node-p-locate.
Preparing to unpack .../143-node-p-locate_6.0.0-12_all.deb ...
Unpacking node-p-locate (6.0.0-12) ...
Selecting previously unselected package node-locate-path.
Preparing to unpack .../144-node-locate-path_7.1.1-2_all.deb ...
Unpacking node-locate-path (7.1.1-2) ...
Selecting previously unselected package node-path-exists.
Preparing to unpack .../145-node-path-exists_5.0.0-8_all.deb ...
Unpacking node-path-exists (5.0.0-8) ...
Selecting previously unselected package node-find-up.
Preparing to unpack .../146-node-find-up_6.3.0-7_all.deb ...
Unpacking node-find-up (6.3.0-7) ...
Selecting previously unselected package node-pkg-dir.
Preparing to unpack .../147-node-pkg-dir_5.0.0-2_all.deb ...
Unpacking node-pkg-dir (5.0.0-2) ...
Selecting previously unselected package node-find-cache-dir.
Preparing to unpack .../148-node-find-cache-dir_3.3.2+~3.2.1-1_all.deb ...
Unpacking node-find-cache-dir (3.3.2+~3.2.1-1) ...
Selecting previously unselected package node-signal-exit.
Preparing to unpack .../149-node-signal-exit_4.1.0-7_all.deb ...
Unpacking node-signal-exit (4.1.0-7) ...
Selecting previously unselected package node-foreground-child.
Preparing to unpack .../150-node-foreground-child_3.1.1-2_all.deb ...
Unpacking node-foreground-child (3.1.1-2) ...
Selecting previously unselected package node-is-stream.
Preparing to unpack .../151-node-is-stream_3.0.0-4_all.deb ...
Unpacking node-is-stream (3.0.0-4) ...
Selecting previously unselected package node-is-windows.
Preparing to unpack .../152-node-is-windows_1.0.2+~cs1.0.0-1_all.deb ...
Unpacking node-is-windows (1.0.2+~cs1.0.0-1) ...
Selecting previously unselected package node-ampproject-remapping.
Preparing to unpack .../153-node-ampproject-remapping_2.2.0+~cs5.15.37-1_all.deb ...
Unpacking node-ampproject-remapping (2.2.0+~cs5.15.37-1) ...
Selecting previously unselected package node-sprintf-js.
Preparing to unpack .../154-node-sprintf-js_1.1.2+ds1+~1.1.2-1_all.deb ...
Unpacking node-sprintf-js (1.1.2+ds1+~1.1.2-1) ...
Selecting previously unselected package node-argparse.
Preparing to unpack .../155-node-argparse_2.0.1-2_all.deb ...
Unpacking node-argparse (2.0.1-2) ...
Selecting previously unselected package node-js-yaml.
Preparing to unpack .../156-node-js-yaml_4.1.0+dfsg+~4.0.5-7_all.deb ...
Unpacking node-js-yaml (4.1.0+dfsg+~4.0.5-7) ...
Selecting previously unselected package node-nopt.
Preparing to unpack .../157-node-nopt_5.0.0-4_all.deb ...
Unpacking node-nopt (5.0.0-4) ...
Selecting previously unselected package node-npm-run-path.
Preparing to unpack .../158-node-npm-run-path_5.1.0+~4.0.0-8_all.deb ...
Unpacking node-npm-run-path (5.1.0+~4.0.0-8) ...
Selecting previously unselected package node-shebang-regex.
Preparing to unpack .../159-node-shebang-regex_3.0.0-2_all.deb ...
Unpacking node-shebang-regex (3.0.0-2) ...
Selecting previously unselected package node-shebang-command.
Preparing to unpack .../160-node-shebang-command_2.0.0-1_all.deb ...
Unpacking node-shebang-command (2.0.0-1) ...
Selecting previously unselected package node-strip-bom.
Preparing to unpack .../161-node-strip-bom_4.0.0-2_all.deb ...
Unpacking node-strip-bom (4.0.0-2) ...
Selecting previously unselected package node-has-flag.
Preparing to unpack .../162-node-has-flag_5.0.1-1_all.deb ...
Unpacking node-has-flag (5.0.1-1) ...
Selecting previously unselected package node-supports-color.
Preparing to unpack .../163-node-supports-color_8.1.1+~8.1.1-1_all.deb ...
Unpacking node-supports-color (8.1.1+~8.1.1-1) ...
Selecting previously unselected package node-util.
Preparing to unpack .../164-node-util_0.12.5+~1.0.10-1_all.deb ...
Unpacking node-util (0.12.5+~1.0.10-1) ...
Selecting previously unselected package node-assert.
Preparing to unpack .../165-node-assert_2.0.0+~cs3.9.8-2_all.deb ...
Unpacking node-assert (2.0.0+~cs3.9.8-2) ...
Selecting previously unselected package node-babel-plugin-add-module-exports.
Preparing to unpack .../166-node-babel-plugin-add-module-exports_1.0.4+dfsg1~cs5.8.0-4_all.deb ...
Unpacking node-babel-plugin-add-module-exports (1.0.4+dfsg1~cs5.8.0-4) ...
Selecting previously unselected package node-regenerator-runtime.
Preparing to unpack .../167-node-regenerator-runtime_0.15.2+~0.10.8-1_all.deb ...
Unpacking node-regenerator-runtime (0.15.2+~0.10.8-1) ...
Selecting previously unselected package node-babel7-runtime.
Preparing to unpack .../168-node-babel7-runtime_7.20.15+ds1+~cs214.269.168-8_all.deb ...
Unpacking node-babel7-runtime (7.20.15+ds1+~cs214.269.168-8) ...
Selecting previously unselected package node-babel-helper-define-polyfill-provider.
Preparing to unpack .../169-node-babel-helper-define-polyfill-provider_0.3.3~0~20220913+ds1-1_all.deb ...
Unpacking node-babel-helper-define-polyfill-provider (0.3.3~0~20220913+ds1-1) ...
Selecting previously unselected package node-babel-plugin-polyfill-corejs2.
Preparing to unpack .../170-node-babel-plugin-polyfill-corejs2_0.3.3~0~20220913+ds1-1_all.deb ...
Unpacking node-babel-plugin-polyfill-corejs2 (0.3.3~0~20220913+ds1-1) ...
Selecting previously unselected package node-caniuse-lite.
Preparing to unpack .../171-node-caniuse-lite_1.0.30001723+dfsg+~1.0.5-1_all.deb ...
Unpacking node-caniuse-lite (1.0.30001723+dfsg+~1.0.5-1) ...
Selecting previously unselected package node-electron-to-chromium.
Preparing to unpack .../172-node-electron-to-chromium_1.5.166-1_all.deb ...
Unpacking node-electron-to-chromium (1.5.166-1) ...
Selecting previously unselected package node-picocolors.
Preparing to unpack .../173-node-picocolors_1.0.0-4_all.deb ...
Unpacking node-picocolors (1.0.0-4) ...
Selecting previously unselected package node-browserslist.
Preparing to unpack .../174-node-browserslist_4.25.0+~cs6.3.22-1_all.deb ...
Unpacking node-browserslist (4.25.0+~cs6.3.22-1) ...
Selecting previously unselected package node-core-js-compat.
Preparing to unpack .../175-node-core-js-compat_3.33.2-1_all.deb ...
Unpacking node-core-js-compat (3.33.2-1) ...
Selecting previously unselected package node-babel-plugin-polyfill-corejs3.
Preparing to unpack .../176-node-babel-plugin-polyfill-corejs3_0.6.0~0~20220913+ds1-1_all.deb ...
Unpacking node-babel-plugin-polyfill-corejs3 (0.6.0~0~20220913+ds1-1) ...
Selecting previously unselected package node-babel-plugin-polyfill-regenerator.
Preparing to unpack .../177-node-babel-plugin-polyfill-regenerator_0.4.1~0~20220913+ds1-1_all.deb ...
Unpacking node-babel-plugin-polyfill-regenerator (0.4.1~0~20220913+ds1-1) ...
Selecting previously unselected package node-color-name.
Preparing to unpack .../178-node-color-name_1.1.4+~1.1.1-2_all.deb ...
Unpacking node-color-name (1.1.4+~1.1.1-2) ...
Selecting previously unselected package node-color-convert.
Preparing to unpack .../179-node-color-convert_2.0.1+~cs2.0.0-2_all.deb ...
Unpacking node-color-convert (2.0.1+~cs2.0.0-2) ...
Selecting previously unselected package node-ansi-styles.
Preparing to unpack .../180-node-ansi-styles_6.2.1-3_all.deb ...
Unpacking node-ansi-styles (6.2.1-3) ...
Selecting previously unselected package node-chalk.
Preparing to unpack .../181-node-chalk_5.3.0-1_all.deb ...
Unpacking node-chalk (5.3.0-1) ...
Selecting previously unselected package node-for-in.
Preparing to unpack .../182-node-for-in_1.0.2-4_all.deb ...
Unpacking node-for-in (1.0.2-4) ...
Selecting previously unselected package node-for-own.
Preparing to unpack .../183-node-for-own_1.0.0-3_all.deb ...
Unpacking node-for-own (1.0.0-3) ...
Selecting previously unselected package node-is-plain-object.
Preparing to unpack .../184-node-is-plain-object_5.0.0-7_all.deb ...
Unpacking node-is-plain-object (5.0.0-7) ...
Selecting previously unselected package node-is-extendable.
Preparing to unpack .../185-node-is-extendable_1.0.1-3_all.deb ...
Unpacking node-is-extendable (1.0.1-3) ...
Selecting previously unselected package node-clone-deep.
Preparing to unpack .../186-node-clone-deep_4.0.1+~cs7.0.2-1_all.deb ...
Unpacking node-clone-deep (4.0.1+~cs7.0.2-1) ...
Selecting previously unselected package node-commander.
Preparing to unpack .../187-node-commander_9.4.1-1_all.deb ...
Unpacking node-commander (9.4.1-1) ...
Selecting previously unselected package node-core-js.
Preparing to unpack .../188-node-core-js_3.33.2-1_all.deb ...
Unpacking node-core-js (3.33.2-1) ...
Selecting previously unselected package node-core-js-pure.
Preparing to unpack .../189-node-core-js-pure_3.33.2-1_all.deb ...
Unpacking node-core-js-pure (3.33.2-1) ...
Selecting previously unselected package node-fs-readdir-recursive.
Preparing to unpack .../190-node-fs-readdir-recursive_1.1.0+~1.1.0-1_all.deb ...
Unpacking node-fs-readdir-recursive (1.1.0+~1.1.0-1) ...
Selecting previously unselected package node-js-tokens.
Preparing to unpack .../191-node-js-tokens_8.0.0-2_all.deb ...
Unpacking node-js-tokens (8.0.0-2) ...
Selecting previously unselected package node-jsesc.
Preparing to unpack .../192-node-jsesc_3.0.2+~3.0.1-1_all.deb ...
Unpacking node-jsesc (3.0.2+~3.0.1-1) ...
Selecting previously unselected package node-json5.
Preparing to unpack .../193-node-json5_2.2.3+dfsg-1_all.deb ...
Unpacking node-json5 (2.2.3+dfsg-1) ...
Selecting previously unselected package node-quick-lru.
Preparing to unpack .../194-node-quick-lru_6.1.1-4_all.deb ...
Unpacking node-quick-lru (6.1.1-4) ...
Selecting previously unselected package node-regenerator-transform.
Preparing to unpack .../195-node-regenerator-transform_0.15.2+~0.10.8-1_all.deb ...
Unpacking node-regenerator-transform (0.15.2+~0.10.8-1) ...
Selecting previously unselected package node-regjsgen.
Preparing to unpack .../196-node-regjsgen_0.7.1+ds-1_all.deb ...
Unpacking node-regjsgen (0.7.1+ds-1) ...
Selecting previously unselected package node-regjsparser.
Preparing to unpack .../197-node-regjsparser_0.9.1+ds-2_all.deb ...
Unpacking node-regjsparser (0.9.1+ds-2) ...
Selecting previously unselected package node-unicode-canonical-property-names-ecmascript.
Preparing to unpack .../198-node-unicode-canonical-property-names-ecmascript_2.0.0-2_all.deb ...
Unpacking node-unicode-canonical-property-names-ecmascript (2.0.0-2) ...
Selecting previously unselected package node-unicode-property-aliases-ecmascript.
Preparing to unpack .../199-node-unicode-property-aliases-ecmascript_2.1.0+ds-1_all.deb ...
Unpacking node-unicode-property-aliases-ecmascript (2.1.0+ds-1) ...
Selecting previously unselected package node-unicode-match-property-ecmascript.
Preparing to unpack .../200-node-unicode-match-property-ecmascript_2.0.0-2_all.deb ...
Unpacking node-unicode-match-property-ecmascript (2.0.0-2) ...
Selecting previously unselected package node-unicode-match-property-value-ecmascript.
Preparing to unpack .../201-node-unicode-match-property-value-ecmascript_2.1.0+ds-1_all.deb ...
Unpacking node-unicode-match-property-value-ecmascript (2.1.0+ds-1) ...
Selecting previously unselected package node-regexpu-core.
Preparing to unpack .../202-node-regexpu-core_5.2.2-3_all.deb ...
Unpacking node-regexpu-core (5.2.2-3) ...
Selecting previously unselected package node-source-map-support.
Preparing to unpack .../203-node-source-map-support_0.5.21+ds+~0.5.10-1_all.deb ...
Unpacking node-source-map-support (0.5.21+ds+~0.5.10-1) ...
Selecting previously unselected package node-to-fast-properties.
Preparing to unpack .../204-node-to-fast-properties_3.0.1-3_all.deb ...
Unpacking node-to-fast-properties (3.0.1-3) ...
Selecting previously unselected package node-v8flags.
Preparing to unpack .../205-node-v8flags_3.2.0+~3.1.1-1_all.deb ...
Unpacking node-v8flags (3.2.0+~3.1.1-1) ...
Selecting previously unselected package node-babel7.
Preparing to unpack .../206-node-babel7_7.20.15+ds1+~cs214.269.168-8_all.deb ...
Unpacking node-babel7 (7.20.15+ds1+~cs214.269.168-8) ...
Selecting previously unselected package node-is-arrayish.
Preparing to unpack .../207-node-is-arrayish_0.3.2-3_all.deb ...
Unpacking node-is-arrayish (0.3.2-3) ...
Selecting previously unselected package node-error-ex.
Preparing to unpack .../208-node-error-ex_1.3.2-4_all.deb ...
Unpacking node-error-ex (1.3.2-4) ...
Selecting previously unselected package node-json-parse-better-errors.
Preparing to unpack .../209-node-json-parse-better-errors_1.0.2+~cs3.3.1-3_all.deb ...
Unpacking node-json-parse-better-errors (1.0.2+~cs3.3.1-3) ...
Selecting previously unselected package node-parse-json.
Preparing to unpack .../210-node-parse-json_5.2.0+~cs5.1.7-2_all.deb ...
Unpacking node-parse-json (5.2.0+~cs5.1.7-2) ...
Selecting previously unselected package node-hosted-git-info.
Preparing to unpack .../211-node-hosted-git-info_6.1.1-2_all.deb ...
Unpacking node-hosted-git-info (6.1.1-2) ...
Selecting previously unselected package node-spdx-license-ids.
Preparing to unpack .../212-node-spdx-license-ids_3.0.12-1_all.deb ...
Unpacking node-spdx-license-ids (3.0.12-1) ...
Selecting previously unselected package node-spdx-exceptions.
Preparing to unpack .../213-node-spdx-exceptions_2.3.0-2_all.deb ...
Unpacking node-spdx-exceptions (2.3.0-2) ...
Selecting previously unselected package node-spdx-expression-parse.
Preparing to unpack .../214-node-spdx-expression-parse_3.0.1+~3.0.1-1_all.deb ...
Unpacking node-spdx-expression-parse (3.0.1+~3.0.1-1) ...
Selecting previously unselected package node-spdx-correct.
Preparing to unpack .../215-node-spdx-correct_3.1.1-2_all.deb ...
Unpacking node-spdx-correct (3.1.1-2) ...
Selecting previously unselected package node-validate-npm-package-license.
Preparing to unpack .../216-node-validate-npm-package-license_3.0.4-2_all.deb ...
Unpacking node-validate-npm-package-license (3.0.4-2) ...
Selecting previously unselected package node-normalize-package-data.
Preparing to unpack .../217-node-normalize-package-data_4.0.1+~2.4.1-1_all.deb ...
Unpacking node-normalize-package-data (4.0.1+~2.4.1-1) ...
Selecting previously unselected package node-read-pkg.
Preparing to unpack .../218-node-read-pkg_5.2.0-2_all.deb ...
Unpacking node-read-pkg (5.2.0-2) ...
Selecting previously unselected package node-uuid.
Preparing to unpack .../219-node-uuid_8.3.2+~8.3.4-1_all.deb ...
Unpacking node-uuid (8.3.2+~8.3.4-1) ...
Selecting previously unselected package node-isexe.
Preparing to unpack .../220-node-isexe_2.0.0+~2.0.1-5_all.deb ...
Unpacking node-isexe (2.0.0+~2.0.1-5) ...
Selecting previously unselected package node-which.
Preparing to unpack .../221-node-which_2.0.2+~cs1.3.2-3_all.deb ...
Unpacking node-which (2.0.2+~cs1.3.2-3) ...
Selecting previously unselected package node-is-typedarray.
Preparing to unpack .../222-node-is-typedarray_1.0.0-4_all.deb ...
Unpacking node-is-typedarray (1.0.0-4) ...
Selecting previously unselected package node-typedarray-to-buffer.
Preparing to unpack .../223-node-typedarray-to-buffer_4.0.0-2_all.deb ...
Unpacking node-typedarray-to-buffer (4.0.0-2) ...
Selecting previously unselected package node-write-file-atomic.
Preparing to unpack .../224-node-write-file-atomic_4.0.2+~4.0.0-2_all.deb ...
Unpacking node-write-file-atomic (4.0.2+~4.0.0-2) ...
Selecting previously unselected package node-slice-ansi.
Preparing to unpack .../225-node-slice-ansi_5.0.0+~cs9.0.0-5_all.deb ...
Unpacking node-slice-ansi (5.0.0+~cs9.0.0-5) ...
Selecting previously unselected package node-ansi-regex.
Preparing to unpack .../226-node-ansi-regex_5.0.1-1_all.deb ...
Unpacking node-ansi-regex (5.0.1-1) ...
Selecting previously unselected package node-strip-ansi.
Preparing to unpack .../227-node-strip-ansi_6.0.1-2_all.deb ...
Unpacking node-strip-ansi (6.0.1-2) ...
Selecting previously unselected package node-clone.
Preparing to unpack .../228-node-clone_2.1.2+~2.1.2-1_all.deb ...
Unpacking node-clone (2.1.2+~2.1.2-1) ...
Selecting previously unselected package node-defaults.
Preparing to unpack .../229-node-defaults_1.0.4+~1.0.3-1_all.deb ...
Unpacking node-defaults (1.0.4+~1.0.3-1) ...
Selecting previously unselected package node-wcwidth.js.
Preparing to unpack .../230-node-wcwidth.js_1.0.2-2_all.deb ...
Unpacking node-wcwidth.js (1.0.2-2) ...
Selecting previously unselected package node-string-width.
Preparing to unpack .../231-node-string-width_4.2.3+~cs13.2.3-1_all.deb ...
Unpacking node-string-width (4.2.3+~cs13.2.3-1) ...
Selecting previously unselected package node-wrap-ansi.
Preparing to unpack .../232-node-wrap-ansi_8.0.1+~8.0.1-3_all.deb ...
Unpacking node-wrap-ansi (8.0.1+~8.0.1-3) ...
Selecting previously unselected package node-cliui.
Preparing to unpack .../233-node-cliui_7.0.4+repack+1+~cs1.4.2-2_all.deb ...
Unpacking node-cliui (7.0.4+repack+1+~cs1.4.2-2) ...
Selecting previously unselected package node-get-caller-file.
Preparing to unpack .../234-node-get-caller-file_2.0.5+~cs1.1.1-4_all.deb ...
Unpacking node-get-caller-file (2.0.5+~cs1.1.1-4) ...
Selecting previously unselected package node-require-directory.
Preparing to unpack .../235-node-require-directory_2.1.1+~2.1.2-1_all.deb ...
Unpacking node-require-directory (2.1.1+~2.1.2-1) ...
Selecting previously unselected package node-y18n.
Preparing to unpack .../236-node-y18n_5.0.8+~5.0.0-3_all.deb ...
Unpacking node-y18n (5.0.8+~5.0.0-3) ...
Selecting previously unselected package node-camelcase.
Preparing to unpack .../237-node-camelcase_7.0.0-3_all.deb ...
Unpacking node-camelcase (7.0.0-3) ...
Selecting previously unselected package node-yargs-parser.
Preparing to unpack .../238-node-yargs-parser_21.1.1+~21.0.0-4_all.deb ...
Unpacking node-yargs-parser (21.1.1+~21.0.0-4) ...
Selecting previously unselected package node-yargs.
Preparing to unpack .../239-node-yargs_16.2.0+~16.0.4-7_all.deb ...
Unpacking node-yargs (16.2.0+~16.0.4-7) ...
Selecting previously unselected package node-istanbul.
Preparing to unpack .../240-node-istanbul_0.4.5+repack10+~cs98.25.59-3_all.deb ...
Unpacking node-istanbul (0.4.5+repack10+~cs98.25.59-3) ...
Selecting previously unselected package node-through.
Preparing to unpack .../241-node-through_2.3.8+~cs0.0.30-1_all.deb ...
Unpacking node-through (2.3.8+~cs0.0.30-1) ...
Selecting previously unselected package node-resumer.
Preparing to unpack .../242-node-resumer_0.0.0-6_all.deb ...
Unpacking node-resumer (0.0.0-6) ...
Selecting previously unselected package node-tape.
Preparing to unpack .../243-node-tape_5.6.1+~cs8.20.19-3_all.deb ...
Unpacking node-tape (5.6.1+~cs8.20.19-3) ...
Selecting previously unselected package node-deep-equal.
Preparing to unpack .../244-node-deep-equal_2.2.3+~cs43.15.94-1_all.deb ...
Unpacking node-deep-equal (2.2.3+~cs43.15.94-1) ...
Selecting previously unselected package libjs-util.
Preparing to unpack .../245-libjs-util_0.12.5+~1.0.10-1_all.deb ...
Unpacking libjs-util (0.12.5+~1.0.10-1) ...
Selecting previously unselected package libuv1-dev:arm64.
Preparing to unpack .../246-libuv1-dev_1.50.0-2_arm64.deb ...
Unpacking libuv1-dev:arm64 (1.50.0-2) ...
Selecting previously unselected package libnode-dev.
Preparing to unpack .../247-libnode-dev_20.19.2+dfsg-1+deb13u2_arm64.deb ...
Unpacking libnode-dev (20.19.2+dfsg-1+deb13u2) ...
Selecting previously unselected package node-agent-base.
Preparing to unpack .../248-node-agent-base_7.1.1~0~2024040606-6+deb13u1_all.deb ...
Unpacking node-agent-base (7.1.1~0~2024040606-6+deb13u1) ...
Selecting previously unselected package node-ajv-keywords.
Preparing to unpack .../249-node-ajv-keywords_5.1.0-4_all.deb ...
Unpacking node-ajv-keywords (5.1.0-4) ...
Selecting previously unselected package node-ansi-escapes.
Preparing to unpack .../250-node-ansi-escapes_5.0.0+really.4.3.1-1_all.deb ...
Unpacking node-ansi-escapes (5.0.0+really.4.3.1-1) ...
Selecting previously unselected package node-aproba.
Preparing to unpack .../251-node-aproba_2.0.0-3_all.deb ...
Unpacking node-aproba (2.0.0-3) ...
Selecting previously unselected package node-delegates.
Preparing to unpack .../252-node-delegates_1.0.0-3_all.deb ...
Unpacking node-delegates (1.0.0-3) ...
Selecting previously unselected package node-are-we-there-yet.
Preparing to unpack .../253-node-are-we-there-yet_3.0.1+~1.1.0-1_all.deb ...
Unpacking node-are-we-there-yet (3.0.1+~1.1.0-1) ...
Selecting previously unselected package node-async-each.
Preparing to unpack .../254-node-async-each_1.0.3-3_all.deb ...
Unpacking node-async-each (1.0.3-3) ...
Selecting previously unselected package node-babel-plugin-lodash.
Preparing to unpack .../255-node-babel-plugin-lodash_3.3.4+~cs2.0.1-7_all.deb ...
Unpacking node-babel-plugin-lodash (3.3.4+~cs2.0.1-7) ...
Selecting previously unselected package node-base64-js.
Preparing to unpack .../256-node-base64-js_1.5.1+dfsg+~1.3.0-2_all.deb ...
Unpacking node-base64-js (1.5.1+dfsg+~1.3.0-2) ...
Selecting previously unselected package node-binary-extensions.
Preparing to unpack .../257-node-binary-extensions_2.2.0-2_all.deb ...
Unpacking node-binary-extensions (2.2.0-2) ...
Selecting previously unselected package node-builtins.
Preparing to unpack .../258-node-builtins_5.0.1-1_all.deb ...
Unpacking node-builtins (5.0.1-1) ...
Selecting previously unselected package node-chownr.
Preparing to unpack .../259-node-chownr_2.0.0-3_all.deb ...
Unpacking node-chownr (2.0.0-3) ...
Selecting previously unselected package node-iconv-lite.
Preparing to unpack .../260-node-iconv-lite_0.6.3-3_all.deb ...
Unpacking node-iconv-lite (0.6.3-3) ...
Selecting previously unselected package node-encoding.
Preparing to unpack .../261-node-encoding_0.1.13-2_all.deb ...
Unpacking node-encoding (0.1.13-2) ...
Selecting previously unselected package node-jsonparse.
Preparing to unpack .../262-node-jsonparse_1.3.1-10_all.deb ...
Unpacking node-jsonparse (1.3.1-10) ...
Selecting previously unselected package node-yallist.
Preparing to unpack .../263-node-yallist_4.0.0+~4.0.1-1_all.deb ...
Unpacking node-yallist (4.0.0+~4.0.1-1) ...
Selecting previously unselected package node-minipass.
Preparing to unpack .../264-node-minipass_5.0.0+~cs10.3.21-3_all.deb ...
Unpacking node-minipass (5.0.0+~cs10.3.21-3) ...
Selecting previously unselected package node-iferr.
Preparing to unpack .../265-node-iferr_1.0.2+~1.0.2-1_all.deb ...
Unpacking node-iferr (1.0.2+~1.0.2-1) ...
Selecting previously unselected package node-fs-write-stream-atomic.
Preparing to unpack .../266-node-fs-write-stream-atomic_1.0.10-6_all.deb ...
Unpacking node-fs-write-stream-atomic (1.0.10-6) ...
Selecting previously unselected package node-run-queue.
Preparing to unpack .../267-node-run-queue_2.0.0-3_all.deb ...
Unpacking node-run-queue (2.0.0-3) ...
Selecting previously unselected package node-copy-concurrently.
Preparing to unpack .../268-node-copy-concurrently_1.0.5-9_all.deb ...
Unpacking node-copy-concurrently (1.0.5-9) ...
Selecting previously unselected package node-move-concurrently.
Preparing to unpack .../269-node-move-concurrently_1.0.1-5_all.deb ...
Unpacking node-move-concurrently (1.0.1-5) ...
Selecting previously unselected package node-promise-inflight.
Preparing to unpack .../270-node-promise-inflight_1.0.1+~1.0.0-1_all.deb ...
Unpacking node-promise-inflight (1.0.1+~1.0.0-1) ...
Selecting previously unselected package node-ssri.
Preparing to unpack .../271-node-ssri_9.0.1-3_all.deb ...
Unpacking node-ssri (9.0.1-3) ...
Selecting previously unselected package node-unique-filename.
Preparing to unpack .../272-node-unique-filename_1.1.1+ds-2_all.deb ...
Unpacking node-unique-filename (1.1.1+ds-2) ...
Selecting previously unselected package node-cacache.
Preparing to unpack .../273-node-cacache_17.0.3+~cs10.3.7-2_all.deb ...
Unpacking node-cacache (17.0.3+~cs10.3.7-2) ...
Selecting previously unselected package node-is-binary-path.
Preparing to unpack .../274-node-is-binary-path_2.1.0-5_all.deb ...
Unpacking node-is-binary-path (2.1.0-5) ...
Selecting previously unselected package node-path-is-absolute.
Preparing to unpack .../275-node-path-is-absolute_2.0.0-2_all.deb ...
Unpacking node-path-is-absolute (2.0.0-2) ...
Selecting previously unselected package node-set-immediate-shim.
Preparing to unpack .../276-node-set-immediate-shim_2.0.0-2_all.deb ...
Unpacking node-set-immediate-shim (2.0.0-2) ...
Selecting previously unselected package node-readdirp.
Preparing to unpack .../277-node-readdirp_3.6.0-1_all.deb ...
Unpacking node-readdirp (3.6.0-1) ...
Selecting previously unselected package node-chokidar.
Preparing to unpack .../278-node-chokidar_3.6.0-3_all.deb ...
Unpacking node-chokidar (3.6.0-3) ...
Selecting previously unselected package node-tslib.
Preparing to unpack .../279-node-tslib_2.4.1-1_all.deb ...
Unpacking node-tslib (2.4.1-1) ...
Selecting previously unselected package node-chrome-trace-event.
Preparing to unpack .../280-node-chrome-trace-event_1.0.3-2_all.deb ...
Unpacking node-chrome-trace-event (1.0.3-2) ...
Selecting previously unselected package node-ci-info.
Preparing to unpack .../281-node-ci-info_4.0.0+~cs1.1.0-1_all.deb ...
Unpacking node-ci-info (4.0.0+~cs1.1.0-1) ...
Selecting previously unselected package node-colors.
Preparing to unpack .../282-node-colors_1.4.0-4_all.deb ...
Unpacking node-colors (1.4.0-4) ...
Selecting previously unselected package node-cli-table.
Preparing to unpack .../283-node-cli-table_0.3.11+~cs0.13.4-3_all.deb ...
Unpacking node-cli-table (0.3.11+~cs0.13.4-3) ...
Selecting previously unselected package node-columnify.
Preparing to unpack .../284-node-columnify_1.6.0+~1.5.1-1_all.deb ...
Unpacking node-columnify (1.6.0+~1.5.1-1) ...
Selecting previously unselected package node-console-control-strings.
Preparing to unpack .../285-node-console-control-strings_1.1.0-3_all.deb ...
Unpacking node-console-control-strings (1.1.0-3) ...
Selecting previously unselected package node-css-selector-tokenizer.
Preparing to unpack .../286-node-css-selector-tokenizer_0.8.0+~cs4.8.3-1_all.deb ...
Unpacking node-css-selector-tokenizer (0.8.0+~cs4.8.3-1) ...
Selecting previously unselected package node-postcss.
Preparing to unpack .../287-node-postcss_8.4.49+~cs9.2.32-1_all.deb ...
Unpacking node-postcss (8.4.49+~cs9.2.32-1) ...
Selecting previously unselected package node-icss-utils.
Preparing to unpack .../288-node-icss-utils_5.1.0+~5.1.0-1_all.deb ...
Unpacking node-icss-utils (5.1.0+~5.1.0-1) ...
Selecting previously unselected package node-postcss-modules-extract-imports.
Preparing to unpack .../289-node-postcss-modules-extract-imports_3.0.0-2_all.deb ...
Unpacking node-postcss-modules-extract-imports (3.0.0-2) ...
Selecting previously unselected package node-postcss-modules-values.
Preparing to unpack .../290-node-postcss-modules-values_4.0.0+~4.0.0-1_all.deb ...
Unpacking node-postcss-modules-values (4.0.0+~4.0.0-1) ...
Selecting previously unselected package node-postcss-value-parser.
Preparing to unpack .../291-node-postcss-value-parser_4.2.0-1_all.deb ...
Unpacking node-postcss-value-parser (4.2.0-1) ...
Selecting previously unselected package node-prr.
Preparing to unpack .../292-node-prr_1.0.1-3_all.deb ...
Unpacking node-prr (1.0.1-3) ...
Selecting previously unselected package node-errno.
Preparing to unpack .../293-node-errno_1.0.0-3_all.deb ...
Unpacking node-errno (1.0.0-3) ...
Selecting previously unselected package node-memory-fs.
Preparing to unpack .../294-node-memory-fs_0.5.0+~0.3.3-2_all.deb ...
Unpacking node-memory-fs (0.5.0+~0.3.3-2) ...
Selecting previously unselected package node-tapable.
Preparing to unpack .../295-node-tapable_2.2.1-3_all.deb ...
Unpacking node-tapable (2.2.1-3) ...
Selecting previously unselected package node-enhanced-resolve.
Preparing to unpack .../296-node-enhanced-resolve_5.15.0-1_all.deb ...
Unpacking node-enhanced-resolve (5.15.0-1) ...
Selecting previously unselected package node-es-module-lexer.
Preparing to unpack .../297-node-es-module-lexer_1.1.0+dfsg-3_all.deb ...
Unpacking node-es-module-lexer (1.1.0+dfsg-3) ...
Selecting previously unselected package node-events.
Preparing to unpack .../298-node-events_3.3.0+~3.0.0-3_all.deb ...
Unpacking node-events (3.3.0+~3.0.0-3) ...
Selecting previously unselected package node-resolve-cwd.
Preparing to unpack .../299-node-resolve-cwd_3.0.0-2_all.deb ...
Unpacking node-resolve-cwd (3.0.0-2) ...
Selecting previously unselected package node-jest-debbundle.
Preparing to unpack .../300-node-jest-debbundle_29.6.2~ds1+~cs73.45.28-5_all.deb ...
Unpacking node-jest-debbundle (29.6.2~ds1+~cs73.45.28-5) ...
Selecting previously unselected package node-interpret.
Preparing to unpack .../301-node-interpret_2.2.0-3_all.deb ...
Unpacking node-interpret (2.2.0-3) ...
Selecting previously unselected package node-merge-stream.
Preparing to unpack .../302-node-merge-stream_2.0.0+~1.1.2-2_all.deb ...
Unpacking node-merge-stream (2.0.0+~1.1.2-2) ...
Selecting previously unselected package node-jest-worker.
Preparing to unpack .../303-node-jest-worker_29.6.2~ds1+~cs73.45.28-5_all.deb ...
Unpacking node-jest-worker (29.6.2~ds1+~cs73.45.28-5) ...
Selecting previously unselected package node-loader-runner.
Preparing to unpack .../304-node-loader-runner_4.3.0-1_all.deb ...
Unpacking node-loader-runner (4.3.0-1) ...
Selecting previously unselected package node-mime.
Preparing to unpack .../305-node-mime_3.0.0+dfsg+~cs6.97.2-2_all.deb ...
Unpacking node-mime (3.0.0+dfsg+~cs6.97.2-2) ...
Selecting previously unselected package node-mime-types.
Preparing to unpack .../306-node-mime-types_2.1.35-2_all.deb ...
Unpacking node-mime-types (2.1.35-2) ...
Selecting previously unselected package node-rechoir.
Preparing to unpack .../307-node-rechoir_0.8.0+~0.6.1-2_all.deb ...
Unpacking node-rechoir (0.8.0+~0.6.1-2) ...
Selecting previously unselected package node-schema-utils.
Preparing to unpack .../308-node-schema-utils_4.2.0~ds-3_all.deb ...
Unpacking node-schema-utils (4.2.0~ds-3) ...
Selecting previously unselected package node-randombytes.
Preparing to unpack .../309-node-randombytes_2.1.0+~2.0.0-2_all.deb ...
Unpacking node-randombytes (2.1.0+~2.0.0-2) ...
Selecting previously unselected package node-serialize-javascript.
Preparing to unpack .../310-node-serialize-javascript_6.0.2-1_all.deb ...
Unpacking node-serialize-javascript (6.0.2-1) ...
Selecting previously unselected package node-watchpack.
Preparing to unpack .../311-node-watchpack_2.4.0+~cs2.8.1-1_all.deb ...
Unpacking node-watchpack (2.4.0+~cs2.8.1-1) ...
Selecting previously unselected package node-webassemblyjs.
Preparing to unpack .../312-node-webassemblyjs_1.11.4+dfsg+~cs10.11.17-2_all.deb ...
Unpacking node-webassemblyjs (1.11.4+dfsg+~cs10.11.17-2) ...
Selecting previously unselected package node-source-list-map.
Preparing to unpack .../313-node-source-list-map_2.0.1+dfsg+~0.1.2-1_all.deb ...
Unpacking node-source-list-map (2.0.1+dfsg+~0.1.2-1) ...
Selecting previously unselected package node-webpack-sources.
Preparing to unpack .../314-node-webpack-sources_3.2.3+~3.2.0-2_all.deb ...
Unpacking node-webpack-sources (3.2.3+~3.2.0-2) ...
Selecting previously unselected package node-terser.
Preparing to unpack .../315-node-terser_5.38.0-1_all.deb ...
Unpacking node-terser (5.38.0-1) ...
Selecting previously unselected package terser.
Preparing to unpack .../316-terser_5.38.0-1_all.deb ...
Unpacking terser (5.38.0-1) ...
Selecting previously unselected package node-get-stream.
Preparing to unpack .../317-node-get-stream_8.0.1-11_all.deb ...
Unpacking node-get-stream (8.0.1-11) ...
Selecting previously unselected package node-mimic-fn.
Preparing to unpack .../318-node-mimic-fn_4.0.0-5_all.deb ...
Unpacking node-mimic-fn (4.0.0-5) ...
Selecting previously unselected package node-strip-eof.
Preparing to unpack .../319-node-strip-eof_3.0.0-5_all.deb ...
Unpacking node-strip-eof (3.0.0-5) ...
Selecting previously unselected package node-execa.
Preparing to unpack .../320-node-execa_8.0.1+dfsg1+~cs12.0.0-1_all.deb ...
Unpacking node-execa (8.0.1+dfsg1+~cs12.0.0-1) ...
Selecting previously unselected package node-envinfo.
Preparing to unpack .../321-node-envinfo_7.11.0+~cs14.3.0-3_all.deb ...
Unpacking node-envinfo (7.11.0+~cs14.3.0-3) ...
Selecting previously unselected package webpack.
Preparing to unpack .../322-webpack_5.97.1+dfsg1+~cs11.18.27-3_all.deb ...
Unpacking webpack (5.97.1+dfsg1+~cs11.18.27-3) ...
Selecting previously unselected package node-css-loader.
Preparing to unpack .../323-node-css-loader_6.8.1+~cs14.0.17-1_all.deb ...
Unpacking node-css-loader (6.8.1+~cs14.0.17-1) ...
Selecting previously unselected package node-data-uri-to-buffer.
Preparing to unpack .../324-node-data-uri-to-buffer_6.0.2~0~2024040606-6+deb13u1_all.deb ...
Unpacking node-data-uri-to-buffer (6.0.2~0~2024040606-6+deb13u1) ...
Selecting previously unselected package node-mimic-response.
Preparing to unpack .../325-node-mimic-response_3.1.0-9_all.deb ...
Unpacking node-mimic-response (3.1.0-9) ...
Selecting previously unselected package node-decompress-response.
Preparing to unpack .../326-node-decompress-response_6.0.0-3_all.deb ...
Unpacking node-decompress-response (6.0.0-3) ...
Selecting previously unselected package node-depd.
Preparing to unpack .../327-node-depd_2.0.0-2_all.deb ...
Unpacking node-depd (2.0.0-2) ...
Selecting previously unselected package node-diff.
Preparing to unpack .../328-node-diff_5.0.0~dfsg+~5.0.1-4_all.deb ...
Unpacking node-diff (5.0.0~dfsg+~5.0.1-4) ...
Selecting previously unselected package node-err-code.
Preparing to unpack .../329-node-err-code_2.0.3+dfsg-3_all.deb ...
Unpacking node-err-code (2.0.3+dfsg-3) ...
Selecting previously unselected package node-time-stamp.
Preparing to unpack .../330-node-time-stamp_2.2.0-2_all.deb ...
Unpacking node-time-stamp (2.2.0-2) ...
Selecting previously unselected package node-fancy-log.
Preparing to unpack .../331-node-fancy-log_1.3.3+~cs1.3.1-2_all.deb ...
Unpacking node-fancy-log (1.3.3+~cs1.3.1-2) ...
Selecting previously unselected package node-fetch.
Preparing to unpack .../332-node-fetch_3.3.2+~cs11.4.11-3_all.deb ...
Unpacking node-fetch (3.3.2+~cs11.4.11-3) ...
Selecting previously unselected package node-has-unicode.
Preparing to unpack .../333-node-has-unicode_2.0.1-5_all.deb ...
Unpacking node-has-unicode (2.0.1-5) ...
Selecting previously unselected package node-wide-align.
Preparing to unpack .../334-node-wide-align_1.1.3-4_all.deb ...
Unpacking node-wide-align (1.1.3-4) ...
Selecting previously unselected package node-gauge.
Preparing to unpack .../335-node-gauge_4.0.4-2_all.deb ...
Unpacking node-gauge (4.0.4-2) ...
Selecting previously unselected package node-lowercase-keys.
Preparing to unpack .../336-node-lowercase-keys_2.0.0-2_all.deb ...
Unpacking node-lowercase-keys (2.0.0-2) ...
Selecting previously unselected package node-json-buffer.
Preparing to unpack .../337-node-json-buffer_3.0.1+~3.0.0-1_all.deb ...
Unpacking node-json-buffer (3.0.1+~3.0.0-1) ...
Selecting previously unselected package node-p-cancelable.
Preparing to unpack .../338-node-p-cancelable_2.1.1-1_all.deb ...
Unpacking node-p-cancelable (2.1.1-1) ...
Selecting previously unselected package node-got.
Preparing to unpack .../339-node-got_11.8.5+~cs58.13.36-5_all.deb ...
Unpacking node-got (11.8.5+~cs58.13.36-5) ...
Selecting previously unselected package node-https-proxy-agent.
Preparing to unpack .../340-node-https-proxy-agent_7.0.4~0~2024040606-6+deb13u1_all.deb ...
Unpacking node-https-proxy-agent (7.0.4~0~2024040606-6+deb13u1) ...
Selecting previously unselected package node-set-blocking.
Preparing to unpack .../341-node-set-blocking_2.0.0-2_all.deb ...
Unpacking node-set-blocking (2.0.0-2) ...
Selecting previously unselected package node-npmlog.
Preparing to unpack .../342-node-npmlog_7.0.1+~4.1.4-1_all.deb ...
Unpacking node-npmlog (7.0.1+~4.1.4-1) ...
Selecting previously unselected package node-osenv.
Preparing to unpack .../343-node-osenv_0.1.5+~0.1.1-1_all.deb ...
Unpacking node-osenv (0.1.5+~0.1.1-1) ...
Selecting previously unselected package node-tar.
Preparing to unpack .../344-node-tar_6.2.1+~cs7.0.8-1+deb13u1_all.deb ...
Unpacking node-tar (6.2.1+~cs7.0.8-1+deb13u1) ...
Selecting previously unselected package node-gyp.
Preparing to unpack .../345-node-gyp_11.1.0+~5.0.0-1_all.deb ...
Unpacking node-gyp (11.1.0+~5.0.0-1) ...
Selecting previously unselected package node-http-proxy-agent.
Preparing to unpack .../346-node-http-proxy-agent_7.0.2~0~2024040606-6+deb13u1_all.deb ...
Unpacking node-http-proxy-agent (7.0.2~0~2024040606-6+deb13u1) ...
Selecting previously unselected package node-ieee754.
Preparing to unpack .../347-node-ieee754_1.2.1-3_all.deb ...
Unpacking node-ieee754 (1.2.1-3) ...
Selecting previously unselected package node-ini.
Preparing to unpack .../348-node-ini_3.0.1-2_all.deb ...
Unpacking node-ini (3.0.1-2) ...
Selecting previously unselected package node-ip.
Preparing to unpack .../349-node-ip_2.0.1+~1.1.3-3_all.deb ...
Unpacking node-ip (2.0.1+~1.1.3-3) ...
Selecting previously unselected package node-ip-regex.
Preparing to unpack .../350-node-ip-regex_4.3.0+~4.1.1-1_all.deb ...
Unpacking node-ip-regex (4.3.0+~4.1.1-1) ...
Selecting previously unselected package node-mute-stream.
Preparing to unpack .../351-node-mute-stream_0.0.8+~0.0.1-3_all.deb ...
Unpacking node-mute-stream (0.0.8+~0.0.1-3) ...
Selecting previously unselected package node-negotiator.
Preparing to unpack .../352-node-negotiator_0.6.3+~0.6.1-1_all.deb ...
Unpacking node-negotiator (0.6.3+~0.6.1-1) ...
Selecting previously unselected package node-read-package-json.
Preparing to unpack .../353-node-read-package-json_5.0.2+~2.0.0-2_all.deb ...
Unpacking node-read-package-json (5.0.2+~2.0.0-2) ...
Selecting previously unselected package node-npm-bundled.
Preparing to unpack .../354-node-npm-bundled_2.0.1-2_all.deb ...
Unpacking node-npm-bundled (2.0.1-2) ...
Selecting previously unselected package node-validate-npm-package-name.
Preparing to unpack .../355-node-validate-npm-package-name_5.0.0+~4.0.0-1_all.deb ...
Unpacking node-validate-npm-package-name (5.0.0+~4.0.0-1) ...
Selecting previously unselected package node-npm-package-arg.
Preparing to unpack .../356-node-npm-package-arg_10.0.0+~3.0.0-2_all.deb ...
Unpacking node-npm-package-arg (10.0.0+~3.0.0-2) ...
Selecting previously unselected package node-retry.
Preparing to unpack .../357-node-retry_0.13.1.+~cs2.19.16-1_all.deb ...
Unpacking node-retry (0.13.1.+~cs2.19.16-1) ...
Selecting previously unselected package node-promise-retry.
Preparing to unpack .../358-node-promise-retry_2.0.1-4_all.deb ...
Unpacking node-promise-retry (2.0.1-4) ...
Selecting previously unselected package node-read.
Preparing to unpack .../359-node-read_1.0.7-5_all.deb ...
Unpacking node-read (1.0.7-5) ...
Selecting previously unselected package node-promzard.
Preparing to unpack .../360-node-promzard_0.3.0-2_all.deb ...
Unpacking node-promzard (0.3.0-2) ...
Selecting previously unselected package node-text-table.
Preparing to unpack .../361-node-text-table_0.2.0-4_all.deb ...
Unpacking node-text-table (0.2.0-4) ...
Selecting previously unselected package npm.
Preparing to unpack .../362-npm_9.2.0~ds1-3_all.deb ...
Unpacking npm (9.2.0~ds1-3) ...
Setting up node-colors (1.4.0-4) ...
Setting up node-fs.realpath (1.0.0-3) ...
Setting up node-ampproject-remapping (2.2.0+~cs5.15.37-1) ...
Setting up node-diff (5.0.0~dfsg+~5.0.1-4) ...
Setting up node-lru-cache (10.0.1-3) ...
Setting up node-abbrev (1.1.1+~1.1.2-1) ...
Setting up node-path-is-inside (1.0.2+~1.0.0-1) ...
Setting up libjs-sprintf-js (1.1.2+ds1+~1.1.2-1) ...
Setting up node-pify (5.0.0+~cs5.0.1-1) ...
Setting up node-p-limit (4.0.0+~cs4.0.0-5) ...
Setting up node-yallist (4.0.0+~4.0.1-1) ...
Setting up libjs-inherits (2.0.4-6) ...
Setting up node-p-cancelable (2.1.1-1) ...
Setting up node-is-windows (1.0.2+~cs1.0.0-1) ...
Setting up node-ansi-regex (5.0.1-1) ...
Setting up node-loader-runner (4.3.0-1) ...
Setting up node-object-inspect (1.12.2+~cs1.8.1-1) ...
Setting up node-slash (4.0.0-3) ...
Setting up node-util-deprecate (1.0.2-3) ...
Setting up node-ieee754 (1.2.1-3) ...
Setting up node-fs-readdir-recursive (1.1.0+~1.1.0-1) ...
Setting up node-v8flags (3.2.0+~3.1.1-1) ...
Setting up node-retry (0.13.1.+~cs2.19.16-1) ...
Setting up node-get-caller-file (2.0.5+~cs1.1.1-4) ...
Setting up node-arrify (2.0.1-3) ...
Setting up node-eslint-visitor-keys (3.3.0+~1.0.0-1) ...
Setting up node-caniuse-lite (1.0.30001723+dfsg+~1.0.5-1) ...
Setting up node-isobject (4.0.0-2) ...
Setting up node-delegates (1.0.0-3) ...
Setting up node-depd (2.0.0-2) ...
Setting up node-isexe (2.0.0+~2.0.1-5) ...
Setting up node-resolve (1.22.8+~cs5.34.15-2) ...
Setting up node-jsonparse (1.3.1-10) ...
Setting up node-core-js-pure (3.33.2-1) ...
Setting up node-es-module-lexer (1.1.0+dfsg-3) ...
Setting up cron (3.0pl1-197) ...
invoke-rc.d: could not determine current runlevel
invoke-rc.d: policy-rc.d denied execution of start.
Created symlink '/etc/systemd/system/multi-user.target.wants/cron.service' → '/usr/lib/systemd/system/cron.service'.
Setting up node-path-exists (5.0.0-8) ...
Setting up libuv1t64:arm64 (1.50.0-2) ...
Setting up node-unicode-match-property-value-ecmascript (2.1.0+ds-1) ...
Setting up node-escape-string-regexp (4.0.0-2) ...
Setting up node-through (2.3.8+~cs0.0.30-1) ...
Setting up libjs-source-map (0.7.0++dfsg2+really.0.6.1-15) ...
Setting up node-p-locate (6.0.0-12) ...
Setting up node-negotiator (0.6.3+~0.6.1-1) ...
Setting up node-tslib (2.4.1-1) ...
Setting up node-strip-bom (4.0.0-2) ...
Setting up node-ci-info (4.0.0+~cs1.1.0-1) ...
Setting up node-color-name (1.1.4+~1.1.1-2) ...
Setting up node-chrome-trace-event (1.0.3-2) ...
Setting up node-json-buffer (3.0.1+~3.0.0-1) ...
Setting up node-electron-to-chromium (1.5.166-1) ...
Setting up node-cjs-module-lexer (1.2.3+dfsg-1) ...
Setting up node-console-control-strings (1.1.0-3) ...
Setting up node-source-list-map (2.0.1+dfsg+~0.1.2-1) ...
Setting up node-camelcase (7.0.0-3) ...
Setting up node-resumer (0.0.0-6) ...
Setting up node-uuid (8.3.2+~8.3.4-1) ...
Setting up node-terser (5.38.0-1) ...
Setting up node-path-type (4.0.0-3) ...
Setting up node-indent-string (4.0.0-2) ...
Setting up node-typedarray (0.0.7-1) ...
Setting up node-function-bind (1.1.2+~cs2.1.14-1) ...
Setting up node-clone (2.1.2+~2.1.2-1) ...
Setting up node-p-map (4.0.0+~3.1.0+~3.0.1-2) ...
Setting up node-iferr (1.0.2+~1.0.2-1) ...
Setting up node-chownr (2.0.0-3) ...
Setting up node-has-flag (5.0.1-1) ...
Setting up node-estraverse (5.3.0+ds+~5.1.1-1) ...
Setting up node-regjsgen (0.7.1+ds-1) ...
Setting up node-lodash-packages (4.17.21+dfsg+~cs8.31.198.20210220-9) ...
Setting up node-json-schema-traverse (1.0.0-3) ...
Setting up node-inherits (2.0.4-6) ...
Setting up node-path-is-absolute (2.0.0-2) ...
Setting up node-locate-path (7.1.1-2) ...
Setting up node-ini (3.0.1-2) ...
Setting up node-postcss-value-parser (4.2.0-1) ...
Setting up node-is-descriptor (3.0.0-2) ...
Setting up node-safe-buffer (5.2.1+~cs2.1.2-3) ...
Setting up node-promise-inflight (1.0.1+~1.0.0-1) ...
Setting up node-rechoir (0.8.0+~0.6.1-2) ...
Setting up node-json-parse-better-errors (1.0.2+~cs3.3.1-3) ...
Setting up node-unicode-canonical-property-names-ecmascript (2.0.0-2) ...
Setting up node-sprintf-js (1.1.2+ds1+~1.1.2-1) ...
Setting up node-flatted (3.2.7~ds-1+deb13u1) ...
Setting up node-y18n (5.0.8+~5.0.0-3) ...
Setting up node-fast-deep-equal (3.1.3-3) ...
Setting up node-shebang-regex (3.0.0-2) ...
Setting up node-err-code (2.0.3+dfsg-3) ...
Setting up node-resolve-from (5.0.0+~3.1.0+~3.3.0+~2.0.0-1) ...
Setting up node-balanced-match (2.0.0-1) ...
Setting up node-convert-source-map (1.9.0+~1.5.2-1) ...
Setting up node-brace-expansion (2.0.1+~1.1.0-2) ...
Setting up node-is-stream (3.0.0-4) ...
Setting up node-spdx-exceptions (2.3.0-2) ...
Setting up node-get-stream (8.0.1-11) ...
Setting up node-js-tokens (8.0.0-2) ...
Setting up node-core-js (3.33.2-1) ...
Setting up node-interpret (2.2.0-3) ...
Setting up node-set-blocking (2.0.0-2) ...
Setting up node-prr (1.0.1-3) ...
Setting up libcares2:arm64 (1.34.5-1+deb13u1) ...
Setting up node-repeat-string (1.6.1+repack-1) ...
Setting up node-globals (13.23.0-1) ...
Setting up node-deep-is (0.1.4-1) ...
Setting up node-async (3.2.6+dfsg-2) ...
Setting up sudo (1.9.16p2-3+deb13u2) ...
invoke-rc.d: could not determine current runlevel
invoke-rc.d: policy-rc.d denied execution of start.
Setting up node-signal-exit (4.1.0-7) ...
Setting up node-randombytes (2.1.0+~2.0.0-2) ...
Setting up node-source-map (0.7.0++dfsg2+really.0.6.1-15) ...
Setting up node-wrappy (1.0.2-3) ...
Setting up node-text-table (0.2.0-4) ...
Setting up node-require-directory (2.1.1+~2.1.2-1) ...
Setting up node-ip (2.0.1+~1.1.3-3) ...
Setting up node-quick-lru (6.1.1-4) ...
Setting up node-regenerator-runtime (0.15.2+~0.10.8-1) ...
Setting up node-punycode (2.3.1+~2.1.4-1) ...
Setting up node-to-fast-properties (3.0.1-3) ...
Setting up node-defaults (1.0.4+~1.0.3-1) ...
Setting up node-mute-stream (0.0.8+~0.0.1-3) ...
Setting up node-memfs (3.4.12+~cs1.0.3-1) ...
Setting up node-mimic-response (3.1.0-9) ...
Setting up node-commander (9.4.1-1) ...
Setting up node-undici (7.3.0+dfsg1+~cs24.12.11-1) ...
Setting up libjs-typedarray-to-buffer (4.0.0-2) ...
Setting up node-graceful-fs (4.2.10-1) ...
Setting up node-merge-stream (2.0.0+~1.1.2-2) ...
Setting up node-is-path-cwd (2.2.0-2) ...
Setting up node-jsonify (0.0.1-1) ...
Setting up node-json-stable-stringify (1.0.2+repack1+~cs1.0.34-2) ...
Setting up node-fast-levenshtein (2.0.6+ds-3) ...
Setting up libjs-regenerate (1.4.2-3) ...
Setting up node-hosted-git-info (6.1.1-2) ...
Setting up node-aproba (2.0.0-3) ...
Setting up node-unicode-property-aliases-ecmascript (2.1.0+ds-1) ...
Setting up node-binary-extensions (2.2.0-2) ...
Setting up node-is-plain-object (5.0.0-7) ...
Setting up node-eslint-utils (3.0.0-3) ...
Setting up node-mimic-fn (4.0.0-5) ...
Setting up node-path-dirname (1.0.2-2) ...
Setting up node-ip-regex (4.3.0+~4.1.1-1) ...
Setting up node-spdx-license-ids (3.0.12-1) ...
Setting up node-string-decoder (1.3.0-6) ...
Setting up node-esutils (2.0.3+~2.0.0-1) ...
Setting up node-time-stamp (2.2.0-2) ...
Setting up node-commondir (1.0.1+~1.0.0-1) ...
Setting up libjs-prettify (2015.12.04+dfsg-1.1) ...
Setting up libjs-events (3.3.0+~3.0.0-3) ...
Setting up node-run-queue (2.0.0-3) ...
Setting up node-core-util-is (1.0.3-1) ...
Setting up node-json-schema (0.4.0+~7.0.11-1) ...
Setting up node-uri-js (4.4.0+dfsg-8) ...
Setting up node-prelude-ls (1.2.1+dfsg-3) ...
Setting up node-minimatch (9.0.3-6) ...
Setting up node-imurmurhash (0.1.4+dfsg+~0.1.1-2) ...
Setting up node-xtend (4.0.2-3) ...
Setting up node-set-immediate-shim (2.0.0-2) ...
Setting up node-foreground-child (3.1.1-2) ...
Setting up node-wordwrap (1.0.0-4) ...
Setting up node-read (1.0.7-5) ...
Setting up node-regexpp (3.2.0-5) ...
Setting up node-is-arrayish (0.3.2-3) ...
Setting up node-base64-js (1.5.1+dfsg+~1.3.0-2) ...
Setting up node-esquery (1.4.2~ds-1) ...
Setting up node-npm-run-path (5.1.0+~4.0.0-8) ...
Setting up node-is-buffer (2.0.5-2) ...
Setting up node-color-convert (2.0.1+~cs2.0.0-2) ...
Setting up node-data-uri-to-buffer (6.0.2~0~2024040606-6+deb13u1) ...
Setting up node-async-each (1.0.3-3) ...
Setting up node-isarray (2.0.5-4) ...
Setting up node-osenv (0.1.5+~0.1.1-1) ...
Setting up node-is-plain-obj (3.0.0-2) ...
Setting up node-is-extglob (2.1.1-5) ...
Setting up node-tapable (2.2.1-3) ...
Setting up node-shebang-command (2.0.0-1) ...
Setting up libjs-is-typedarray (1.0.0-4) ...
Setting up node-lowercase-keys (2.0.0-2) ...
Setting up node-babel-plugin-add-module-exports (1.0.4+dfsg1~cs5.8.0-4) ...
Setting up node-decompress-response (6.0.0-3) ...
Setting up node-strip-eof (3.0.0-5) ...
Setting up node-process-nextick-args (2.0.1-3) ...
Setting up node-has-unicode (2.0.1-5) ...
Setting up gyp (0.16.2-2) ...
Setting up libuv1-dev:arm64 (1.50.0-2) ...
Setting up node-readable-stream (3.6.0+~cs3.0.0-4) ...
Setting up node-promise-retry (2.0.1-4) ...
Setting up node-supports-color (8.1.1+~8.1.1-1) ...
Setting up node-error-ex (1.3.2-4) ...
Setting up node-once (1.4.1-1) ...
Setting up node-webpack-sources (3.2.3+~3.2.0-2) ...
Setting up node-n3 (1.16.3+~1.2.3+~1.10.4-1) ...
Setting up node-serialize-javascript (6.0.2-1) ...
Setting up node-are-we-there-yet (3.0.1+~1.1.0-1) ...
Setting up node-find-up (6.3.0-7) ...
Setting up node-kind-of (6.0.3+dfsg-2) ...
Setting up node-is-binary-path (2.1.0-5) ...
Setting up node-events (3.3.0+~3.0.0-3) ...
Setting up node-minimist (1.2.8+~cs5.3.5-1) ...
Setting up node-fancy-log (1.3.3+~cs1.3.1-2) ...
Setting up node-define-property (2.0.2+really+2.0.2-3) ...
Setting up node-promzard (0.3.0-2) ...
Setting up node-wcwidth.js (1.0.2-2) ...
Setting up node-resolve-cwd (3.0.0-2) ...
Setting up node-fetch (3.3.2+~cs11.4.11-3) ...
Setting up node-babel7-runtime (7.20.15+ds1+~cs214.269.168-8) ...
Setting up node-iconv-lite (0.6.3-3) ...
Setting up node-type-check (0.4.0+dfsg-3) ...
Setting up node-ansi-styles (6.2.1-3) ...
Setting up node-pkg-dir (5.0.0-2) ...
Setting up node-got (11.8.5+~cs58.13.36-5) ...
Setting up node-optimist (0.6.1+~0.0.30-2) ...
Setting up node-spdx-expression-parse (3.0.1+~3.0.1-1) ...
Setting up node-concat-stream (2.0.0+~2.0.0-2) ...
Setting up node-is-typedarray (1.0.0-4) ...
Setting up node-inflight (1.0.6-2) ...
Setting up node-encoding (0.1.13-2) ...
Setting up node-slice-ansi (5.0.0+~cs9.0.0-5) ...
Setting up node-fs-write-stream-atomic (1.0.10-6) ...
Setting up node-regenerator-transform (0.15.2+~0.10.8-1) ...
Setting up node-levn (0.4.1+dfsg-2) ...
Setting up node-spdx-correct (3.1.1-2) ...
Setting up node-glob (8.1.0+~cs8.5.15-1) ...
Setting up node-typedarray-to-buffer (4.0.0-2) ...
Setting up node-minipass (5.0.0+~cs10.3.21-3) ...
Setting up node-validate-npm-package-license (3.0.4-2) ...
Setting up node-optionator (0.9.1+dfsg+~cs1.2.3-1) ...
Setting up node-ssri (9.0.1-3) ...
Setting up node-write-file-atomic (4.0.2+~4.0.0-2) ...
Setting up node-acorn (8.8.1+ds+~cs25.17.7-2) ...
Setting up node-espree (9.4.1~dfsg-2) ...
Setting up node-debbundle-es-to-primitive (1.2.1+~cs9.7.25-2) ...
Setting up node-corepack (0.24.0-5) ...
Setting up libnode115:arm64 (20.19.2+dfsg-1+deb13u2) ...
Setting up node-define-properties (1.2.1+~cs2.2.3-1) ...
Setting up libnode-dev (20.19.2+dfsg-1+deb13u2) ...
Setting up nodejs (20.19.2+dfsg-1+deb13u2) ...
update-alternatives: using /usr/bin/nodejs to provide /usr/bin/js (js) in auto mode
Setting up node-argparse (2.0.1-2) ...
Setting up terser (5.38.0-1) ...
Setting up node-mime (3.0.0+dfsg+~cs6.97.2-2) ...
Setting up node-source-map-support (0.5.21+ds+~0.5.10-1) ...
Setting up node-unique-filename (1.1.1+ds-2) ...
Setting up node-unicode-match-property-ecmascript (2.0.0-2) ...
Setting up node-defined (1.0.1+~1.0.0-1) ...
Setting up node-mime-types (2.1.35-2) ...
Setting up node-ansi-escapes (5.0.0+really.4.3.1-1) ...
Setting up node-strip-ansi (6.0.1-2) ...
Setting up node-write (2.0.0~6.0.1+~3.0.4+~2.0.0+~1.0.0+~2.0.1-1) ...
Setting up node-ignore (5.2.1-1) ...
Setting up node-chalk (5.3.0-1) ...
Setting up node-which (2.0.2+~cs1.3.2-3) ...
Setting up node-css-selector-tokenizer (0.8.0+~cs4.8.3-1) ...
Setting up node-esprima (4.0.1+ds+~4.0.3-2) ...
Setting up node-is-path-inside (3.0.3-2) ...
Setting up node-neo-async (2.6.2+~cs3.0.0-3) ...
Setting up node-mkdirp (2.1.6+~cs5.2.1-2) ...
Setting up node-es6-error (4.1.1-5) ...
Setting up node-archy (1.0.0-6) ...
Setting up node-js-yaml (4.1.0+dfsg+~4.0.5-7) ...
Setting up node-nopt (5.0.0-4) ...
Setting up node-lodash (4.17.21+dfsg+~cs8.31.198.20210220-9) ...
Setting up node-progress (2.0.3-2) ...
Setting up node-json5 (2.2.3+dfsg-1) ...
Setting up node-ms (2.1.3+~cs0.7.31-3) ...
Setting up node-rimraf (3.0.2-2) ...
Setting up node-string-width (4.2.3+~cs13.2.3-1) ...
Setting up node-regenerate (1.4.2-3) ...
Setting up node-semver (7.6.1+~7.5.8-2) ...
Setting up node-picocolors (1.0.0-4) ...
Setting up node-es-abstract (1.20.4+~cs26.27.47-2) ...
Setting up node-builtins (5.0.1-1) ...
Setting up handlebars (3:4.7.7+~4.1.0-1) ...
Setting up node-object-assign (4.1.1-7) ...
Setting up node-is-glob (4.0.3-2) ...
Setting up node-v8-compile-cache (2.4.0-2) ...
Setting up node-flat-cache (3.0.4~6.0.1+~3.0.4+~2.0.0+~1.0.0+~2.0.1-1) ...
Setting up node-is-number (7.0.0-4) ...
Setting up node-for-in (1.0.2-4) ...
Setting up node-webassemblyjs (1.11.4+dfsg+~cs10.11.17-2) ...
Setting up node-execa (8.0.1+dfsg1+~cs12.0.0-1) ...
Setting up node-strip-json-comments (4.0.0-4) ...
Setting up node-is-extendable (1.0.1-3) ...
Setting up node-columnify (1.6.0+~1.5.1-1) ...
Setting up node-tape (5.6.1+~cs8.20.19-3) ...
Setting up node-doctrine (3.0.0-4) ...
Setting up node-copy-concurrently (1.0.5-9) ...
Setting up node-ajv (8.12.0~ds+~2.1.1-5) ...
Setting up node-jsesc (3.0.2+~3.0.1-1) ...
Setting up node-regjsparser (0.9.1+ds-2) ...
Setting up node-errno (1.0.0-3) ...
Setting up node-decamelize (4.0.0-2) ...
Setting up node-move-concurrently (1.0.1-5) ...
Setting up node-normalize-path (3.0.0+~3.0.0-1) ...
Setting up node-functional-red-black-tree (1.0.1+20181105-7) ...
Setting up node-debug (4.3.4+~cs4.1.7-1) ...
Setting up node-agent-base (7.1.1~0~2024040606-6+deb13u1) ...
Setting up node-browserslist (4.25.0+~cs6.3.22-1) ...
Setting up node-yargs-parser (21.1.1+~21.0.0-4) ...
Setting up node-make-dir (3.1.0-3) ...
Setting up node-validate-npm-package-name (5.0.0+~4.0.0-1) ...
Setting up node-esrecurse (4.3.0-2) ...
Setting up node-file-entry-cache (6.0.1+~3.0.4+~2.0.0+~1.0.0+~2.0.1-1) ...
Setting up node-wrap-ansi (8.0.1+~8.0.1-3) ...
Setting up node-normalize-package-data (4.0.1+~2.4.1-1) ...
Setting up node-for-own (1.0.0-3) ...
Setting up node-eslint-scope (7.1.1+~3.7.4-1) ...
Setting up node-escodegen (2.1.0+dfsg+~0.0.8-1) ...
Setting up node-memory-fs (0.5.0+~0.3.3-2) ...
Setting up node-babel-helper-define-polyfill-provider (0.3.3~0~20220913+ds1-1) ...
Setting up node-cli-table (0.3.11+~cs0.13.4-3) ...
Setting up node-tar (6.2.1+~cs7.0.8-1+deb13u1) ...
Setting up node-regenerate-unicode-properties (10.1.0+ds-1) ...
Setting up node-glob-parent (6.0.2+~5.1.1-2) ...
Setting up node-enhanced-resolve (5.15.0-1) ...
Setting up node-postcss (8.4.49+~cs9.2.32-1) ...
Setting up node-wide-align (1.1.3-4) ...
Setting up node-npm-package-arg (10.0.0+~3.0.0-2) ...
Setting up node-anymatch (3.1.3+~cs4.6.1-2) ...
Setting up node-postcss-modules-extract-imports (3.0.0-2) ...
Setting up node-https-proxy-agent (7.0.4~0~2024040606-6+deb13u1) ...
Setting up node-cliui (7.0.4+repack+1+~cs1.4.2-2) ...
Setting up node-deep-equal (2.2.3+~cs43.15.94-1) ...
Setting up node-regexpu-core (5.2.2-3) ...
Setting up node-yargs (16.2.0+~16.0.4-7) ...
Setting up node-to-regex-range (5.0.1-4) ...
Setting up node-cacache (17.0.3+~cs10.3.7-2) ...
Setting up node-babel-plugin-polyfill-corejs2 (0.3.3~0~20220913+ds1-1) ...
Setting up node-envinfo (7.11.0+~cs14.3.0-3) ...
Setting up node-ajv-keywords (5.1.0-4) ...
Setting up node-read-package-json (5.0.2+~2.0.0-2) ...
Setting up node-core-js-compat (3.33.2-1) ...
Setting up node-http-proxy-agent (7.0.2~0~2024040606-6+deb13u1) ...
Setting up node-clone-deep (4.0.1+~cs7.0.2-1) ...
Setting up eslint (6.4.0~dfsg+~6.1.9-12) ...
Setting up libjs-util (0.12.5+~1.0.10-1) ...
Setting up node-babel-plugin-polyfill-regenerator (0.4.1~0~20220913+ds1-1) ...
Setting up node-gauge (4.0.4-2) ...
Setting up node-readdirp (3.6.0-1) ...
Setting up node-icss-utils (5.1.0+~5.1.0-1) ...
Setting up node-npm-bundled (2.0.1-2) ...
Setting up node-schema-utils (4.2.0~ds-3) ...
Setting up node-jest-worker (29.6.2~ds1+~cs73.45.28-5) ...
Setting up node-npmlog (7.0.1+~4.1.4-1) ...
Setting up node-babel-plugin-polyfill-corejs3 (0.6.0~0~20220913+ds1-1) ...
Setting up node-postcss-modules-values (4.0.0+~4.0.0-1) ...
Setting up node-fill-range (7.1.1+~7.0.3-1) ...
Setting up node-util (0.12.5+~1.0.10-1) ...
Setting up node-assert (2.0.0+~cs3.9.8-2) ...
Setting up node-gyp (11.1.0+~5.0.0-1) ...
Setting up node-braces (3.0.3+~3.0.5-1) ...
Setting up node-chokidar (3.6.0-3) ...
Setting up node-watchpack (2.4.0+~cs2.8.1-1) ...
Setting up node-micromatch (4.0.7+~4.0.9-1) ...
Setting up node-globby (13.1.3+~cs16.25.40-3) ...
Setting up node-del (7.1.0-1) ...
Setting up node-find-cache-dir (3.3.2+~3.2.1-1) ...
Setting up node-babel7 (7.20.15+ds1+~cs214.269.168-8) ...
update-alternatives: using /usr/bin/babeljs-7 to provide /usr/bin/babeljs (babeljs) in auto mode
update-alternatives: using /usr/bin/babeljs-7-external-helpers to provide /usr/bin/babeljs-external-helpers (babeljs-external-helpers) in auto mode
update-alternatives: using /usr/bin/babeljs-7-node to provide /usr/bin/babeljs-node (babeljs-node) in auto mode
update-alternatives: using /usr/bin/babeljs-7-parser to provide /usr/bin/babeljs-parser (babeljs-parser) in auto mode
Setting up node-babel-plugin-lodash (3.3.4+~cs2.0.1-7) ...
Setting up node-jest-debbundle (29.6.2~ds1+~cs73.45.28-5) ...
Setting up node-parse-json (5.2.0+~cs5.1.7-2) ...
Setting up node-read-pkg (5.2.0-2) ...
Setting up node-istanbul (0.4.5+repack10+~cs98.25.59-3) ...
Setting up webpack (5.97.1+dfsg1+~cs11.18.27-3) ...
Setting up node-css-loader (6.8.1+~cs14.0.17-1) ...
Setting up npm (9.2.0~ds1-3) ...
Processing triggers for libc-bin (2.41-12+deb13u3) ...
Processing triggers for man-db (2.13.1-1) ...
Processing triggers for dbus (1.16.2-2) ...
Processing triggers for shared-mime-info (2.4-5+b2) ...
Processing triggers for procps (2:4.0.4-9) ...
procps: Applying updated sysctl configuration
sysctl: permission denied on key "kernel.core_pattern"
sysctl: permission denied on key "kernel.pid_max"
Successfully installed bundler-2.1.4
1 gem installed
[91mnpm WARN deprecated urix@0.1.0: Please see https://github.com/lydell/urix#deprecated
[0m[91mnpm WARN deprecated source-map-url@0.4.1: See https://github.com/lydell/source-map-url#deprecated
[0m[91mnpm WARN deprecated resolve-url@0.2.1: https://github.com/lydell/resolve-url#deprecated
[0m[91mnpm WARN deprecated source-map-resolve@0.5.3: See https://github.com/lydell/source-map-resolve#deprecated
[0m[91mnpm WARN deprecated minimatch@0.3.0: Please update to minimatch 3.0.2 or higher to avoid a RegExp DoS issue
[0m[91mnpm WARN deprecated glob@3.2.11: Old versions of glob are not supported, and contain widely publicized security vulnerabilities, which have been fixed in the current version. Please update. Support for old versions may be purchased (at exorbitant rates) by contacting i@izs.me
[0m[91mnpm WARN deprecated json3@3.3.2: Please use the native JSON object instead of JSON 3
[0m[91mnpm WARN deprecated cryptiles@2.0.5: This version has been deprecated in accordance with the hapi support policy (hapi.im/support). Please upgrade to the latest version to get the best features, bug fixes, and security patches. If you are unable to upgrade at this time, paid support is available for older versions (hapi.im/commercial).
[0m[91mnpm WARN [0m[91mdeprecated sntp@1.0.9: This module moved to @hapi/sntp. Please make sure to switch over as this distribution is no longer supported and may contain bugs and critical security issues.
[0m[91mnpm WARN deprecated boom@2.10.1: This version has been deprecated in accordance with the hapi support policy (hapi.im/support). Please upgrade to the latest version to get the best features, bug fixes, and security patches. If you are unable to upgrade at this time, paid support is available for older versions (hapi.im/commercial).
[0m[91mnpm WARN deprecated uuid@3.4.0: uuid@10 and below is no longer supported.  For ESM codebases, update to uuid@latest.  For CommonJS codebases, use uuid@11 (but be aware this version will likely be deprecated in 2028).
[0m[91mnpm WARN deprecated hoek@2.16.3: This version has been deprecated in accordance with the hapi support policy (hapi.im/support). Please upgrade to the latest version to get the best features, bug fixes, and security patches. If you are unable to upgrade at this time, paid support is available for older versions (hapi.im/commercial).
[0m[91mnpm WARN deprecated har-validator@4.2.1: this library is no longer supported
[0m[91mnpm WARN deprecated hawk@3.1.3: This module moved to @hapi/hawk. Please make sure to switch over as this distribution is no longer supported and may contain bugs and critical security issues.
[0m[91mnpm WARN deprecated request@2.81.0: request has been deprecated, see https://github.com/request/request/issues/3142
[0m[91mnpm WARN deprecated transformers@2.1.0: Deprecated, use jstransformer
[0m[91mnpm WARN deprecated constantinople@3.0.2: Please update to at least constantinople 3.1.1
[0m[91mnpm WARN deprecated mkdirp@0.3.5: Legacy versions of mkdirp are no longer supported. Please update to mkdirp 1.x. (Note that the API surface has changed to use Promises in 1.x.)
[0m[91mnpm WARN deprecated coffee-script@1.12.7: CoffeeScript on NPM has moved to "coffeescript" (no hyphen)
[0m[91mnpm WARN deprecated jade@1.11.0: Jade has been renamed to pug, please install the latest version of pug instead of jade
[0m[91mnpm WARN deprecated highlight.js@8.9.1: Version no longer supported. Upgrade to @latest
[0m
added 431 packages in 1m

15 packages are looking for funding
  run `npm fund` for details
 ---> Removed intermediate container 16a88d59e9af
 ---> 7b0b47ecca35
Step 11/25 : EXPOSE 2358
 ---> Running in 5240a28a1038
 ---> Removed intermediate container 5240a28a1038
 ---> 21ae861fa74b
Step 12/25 : WORKDIR /api
 ---> Running in 1026b6c9bdda
 ---> Removed intermediate container 1026b6c9bdda
 ---> a63a709911dd
Step 13/25 : COPY Gemfile* ./
 ---> d27ffb74dd6c
Step 14/25 : RUN RAILS_ENV=production bundle
 ---> Running in 0dda9a15d1f7
[91mCalling `DidYouMean::SPELL_CHECKERS.merge!(error_name => spell_checker)' has been deprecated. Please call `DidYouMean.correct_error(error_name, spell_checker)' instead.
[0m[91mDon't run Bundler as root. Bundler can ask for sudo if it is needed, and
installing your bundle as root will break this application for all non-root
users on this machine.
[0m[91mNOTE: Gem::Platform.match is deprecated; use Gem::Platform.match_spec? or match_gem? instead. It will be removed in Rubygems 4
Gem::Platform.match called from /opt/.gem/gems/bundler-2.1.4/lib/bundler/index.rb:198.
[0m[91mNOTE: Gem::Platform.match is deprecated; use Gem::Platform.match_spec? or match_gem? instead. It will be removed in Rubygems 4
Gem::Platform.match called from /opt/.gem/gems/bundler-2.1.4/lib/bundler/index.rb:198.
[0m[91mNOTE: Gem::Platform.match is deprecated; use Gem::Platform.match_spec? or match_gem? instead. It will be removed in Rubygems 4
Gem::Platform.match called from /opt/.gem/gems/bundler-2.1.4/lib/bundler/index.rb:198.
NOTE: Gem::Platform.match is deprecated; use Gem::Platform.match_spec? or match_gem? instead. It will be removed in Rubygems 4
Gem::Platform.match called from /opt/.gem/gems/bundler-2.1.4/lib/bundler/index.rb:198.
[0m[91mNOTE: Gem::Platform.match is deprecated; use Gem::Platform.match_spec? or match_gem? instead. It will be removed in Rubygems 4
Gem::Platform.match called from /opt/.gem/gems/bundler-2.1.4/lib/bundler/index.rb:198.
[0m[91mNOTE: Gem::Platform.match is deprecated; use Gem::Platform.match_spec? or match_gem? instead. It will be removed in Rubygems 4
Gem::Platform.match called from /opt/.gem/gems/bundler-2.1.4/lib/bundler/index.rb:198.
[0m[91mNOTE: Gem::Platform.match is deprecated; use Gem::Platform.match_spec? or match_gem? instead. It will be removed in Rubygems 4
Gem::Platform.match called from /opt/.gem/gems/bundler-2.1.4/lib/bundler/index.rb:198.
[0mFetching gem metadata from https://rubygems.org/..........
[91mNOTE: Gem::Platform.match is deprecated; use Gem::Platform.match_spec? or match_gem? instead. It will be removed in Rubygems 4
Gem::Platform.match called from /opt/.gem/gems/bundler-2.1.4/lib/bundler/index.rb:198.
[0m[91mNOTE: Gem::Platform.match is deprecated; use Gem::Platform.match_spec? or match_gem? instead. It will be removed in Rubygems 4
Gem::Platform.match called from /opt/.gem/gems/bundler-2.1.4/lib/bundler/index.rb:198.
[0m[91mNOTE: Gem::Platform.match is deprecated; use Gem::Platform.match_spec? or match_gem? instead. It will be removed in Rubygems 4
Gem::Platform.match called from /opt/.gem/gems/bundler-2.1.4/lib/bundler/index.rb:198.
[0m[91mNOTE: Gem::Platform.match is deprecated; use Gem::Platform.match_spec? or match_gem? instead. It will be removed in Rubygems 4
Gem::Platform.match called from /opt/.gem/gems/bundler-2.1.4/lib/bundler/index.rb:198.
[0m[91mNOTE: Gem::Platform.match is deprecated; use Gem::Platform.match_spec? or match_gem? instead. It will be removed in Rubygems 4
Gem::Platform.match called from /opt/.gem/gems/bundler-2.1.4/lib/bundler/index.rb:198.
[0m[91mNOTE: Gem::Platform.match is deprecated; use Gem::Platform.match_spec? or match_gem? instead. It will be removed in Rubygems 4
Gem::Platform.match called from /opt/.gem/gems/bundler-2.1.4/lib/bundler/index.rb:198.
[0m[91mNOTE: Gem::Platform.match is deprecated; use Gem::Platform.match_spec? or match_gem? instead. It will be removed in Rubygems 4
Gem::Platform.match called from /opt/.gem/gems/bundler-2.1.4/lib/bundler/index.rb:198.
[0m[91mNOTE: Gem::Platform.match is deprecated; use Gem::Platform.match_spec? or match_gem? instead. It will be removed in Rubygems 4
Gem::Platform.match called from /opt/.gem/gems/bundler-2.1.4/lib/bundler/index.rb:198.
NOTE: Gem::Platform.match is deprecated; use Gem::Platform.match_spec? or match_gem? instead. It will be removed in Rubygems 4
Gem::Platform.match called from /opt/.gem/gems/bundler-2.1.4/lib/bundler/index.rb:198.
[0m[91mNOTE: Gem::Platform.match is deprecated; use Gem::Platform.match_spec? or match_gem? instead. It will be removed in Rubygems 4
Gem::Platform.match called from /opt/.gem/gems/bundler-2.1.4/lib/bundler/index.rb:198.
[0m[91mNOTE: Gem::Platform.match is deprecated; use Gem::Platform.match_spec? or match_gem? instead. It will be removed in Rubygems 4
Gem::Platform.match called from /opt/.gem/gems/bundler-2.1.4/lib/bundler/index.rb:198.
NOTE: Gem::Platform.match is deprecated; use Gem::Platform.match_spec? or match_gem? instead. It will be removed in Rubygems 4
Gem::Platform.match called from /opt/.gem/gems/bundler-2.1.4/lib/bundler/index.rb:198.
[0m[91mNOTE: Gem::Platform.match is deprecated; use Gem::Platform.match_spec? or match_gem? instead. It will be removed in Rubygems 4
Gem::Platform.match called from /opt/.gem/gems/bundler-2.1.4/lib/bundler/index.rb:198.
NOTE: Gem::Platform.match is deprecated; use Gem::Platform.match_spec? or match_gem? instead. It will be removed in Rubygems 4
Gem::Platform.match called from /opt/.gem/gems/bundler-2.1.4/lib/bundler/index.rb:198.
NOTE: Gem::Platform.match is deprecated; use Gem::Platform.match_spec? or match_gem? instead. It will be removed in Rubygems 4
Gem::Platform.match called from /opt/.gem/gems/bundler-2.1.4/lib/bundler/index.rb:198.
[0m[91mNOTE: Gem::Platform.match is deprecated; use Gem::Platform.match_spec? or match_gem? instead. It will be removed in Rubygems 4
Gem::Platform.match called from /opt/.gem/gems/bundler-2.1.4/lib/bundler/index.rb:198.
NOTE: Gem::Platform.match is deprecated; use Gem::Platform.match_spec? or match_gem? instead. It will be removed in Rubygems 4
Gem::Platform.match called from /opt/.gem/gems/bundler-2.1.4/lib/bundler/index.rb:198.
NOTE: Gem::Platform.match is deprecated; use Gem::Platform.match_spec? or match_gem? instead. It will be removed in Rubygems 4
Gem::Platform.match called from /opt/.gem/gems/bundler-2.1.4/lib/bundler/index.rb:198.
NOTE: Gem::Platform.match is deprecated; use Gem::Platform.match_spec? or match_gem? instead. It will be removed in Rubygems 4
Gem::Platform.match called from /opt/.gem/gems/bundler-2.1.4/lib/bundler/index.rb:198.
NOTE: Gem::Platform.match is deprecated; use Gem::Platform.match_spec? or match_gem? instead. It will be removed in Rubygems 4
Gem::Platform.match called from /opt/.gem/gems/bundler-2.1.4/lib/bundler/index.rb:198.
[0m[91mNOTE: Gem::Platform.match is deprecated; use Gem::Platform.match_spec? or match_gem? instead. It will be removed in Rubygems 4
Gem::Platform.match called from /opt/.gem/gems/bundler-2.1.4/lib/bundler/index.rb:198.
[0m[91mNOTE: Gem::Platform.match is deprecated; use Gem::Platform.match_spec? or match_gem? instead. It will be removed in Rubygems 4
Gem::Platform.match called from /opt/.gem/gems/bundler-2.1.4/lib/bundler/index.rb:198.
NOTE: Gem::Platform.match is deprecated; use Gem::Platform.match_spec? or match_gem? instead. It will be removed in Rubygems 4
Gem::Platform.match called from /opt/.gem/gems/bundler-2.1.4/lib/bundler/index.rb:198.
[0m[91mNOTE: Gem::Platform.match is deprecated; use Gem::Platform.match_spec? or match_gem? instead. It will be removed in Rubygems 4
Gem::Platform.match called from /opt/.gem/gems/bundler-2.1.4/lib/bundler/index.rb:198.
[0m[91mNOTE: Gem::Platform.match is deprecated; use Gem::Platform.match_spec? or match_gem? instead. It will be removed in Rubygems 4
Gem::Platform.match called from /opt/.gem/gems/bundler-2.1.4/lib/bundler/index.rb:198.
[0m[91mNOTE: Gem::Platform.match is deprecated; use Gem::Platform.match_spec? or match_gem? instead. It will be removed in Rubygems 4
Gem::Platform.match called from /opt/.gem/gems/bundler-2.1.4/lib/bundler/index.rb:198.
[0m[91mNOTE: Gem::Platform.match is deprecated; use Gem::Platform.match_spec? or match_gem? instead. It will be removed in Rubygems 4
Gem::Platform.match called from /opt/.gem/gems/bundler-2.1.4/lib/bundler/index.rb:198.
[0m[91mNOTE: Gem::Platform.match is deprecated; use Gem::Platform.match_spec? or match_gem? instead. It will be removed in Rubygems 4
Gem::Platform.match called from /opt/.gem/gems/bundler-2.1.4/lib/bundler/index.rb:198.
[0m[91mNOTE: Gem::Platform.match is deprecated; use Gem::Platform.match_spec? or match_gem? instead. It will be removed in Rubygems 4
Gem::Platform.match called from /opt/.gem/gems/bundler-2.1.4/lib/bundler/index.rb:198.
[0m[91mNOTE: Gem::Platform.match is deprecated; use Gem::Platform.match_spec? or match_gem? instead. It will be removed in Rubygems 4
Gem::Platform.match called from /opt/.gem/gems/bundler-2.1.4/lib/bundler/index.rb:198.
[0m[91mNOTE: Gem::Platform.match is deprecated; use Gem::Platform.match_spec? or match_gem? instead. It will be removed in Rubygems 4
Gem::Platform.match called from /opt/.gem/gems/bundler-2.1.4/lib/bundler/index.rb:198.
[0m[91mNOTE: Gem::Platform.match is deprecated; use Gem::Platform.match_spec? or match_gem? instead. It will be removed in Rubygems 4
Gem::Platform.match called from /opt/.gem/gems/bundler-2.1.4/lib/bundler/index.rb:198.
NOTE: Gem::Platform.match is deprecated; use Gem::Platform.match_spec? or match_gem? instead. It will be removed in Rubygems 4
Gem::Platform.match called from /opt/.gem/gems/bundler-2.1.4/lib/bundler/index.rb:198.
[0m[91mNOTE: Gem::Platform.match is deprecated; use Gem::Platform.match_spec? or match_gem? instead. It will be removed in Rubygems 4
Gem::Platform.match called from /opt/.gem/gems/bundler-2.1.4/lib/bundler/index.rb:198.
[0m[91mNOTE: Gem::Platform.match is deprecated; use Gem::Platform.match_spec? or match_gem? instead. It will be removed in Rubygems 4
Gem::Platform.match called from /opt/.gem/gems/bundler-2.1.4/lib/bundler/index.rb:198.
NOTE: Gem::Platform.match is deprecated; use Gem::Platform.match_spec? or match_gem? instead. It will be removed in Rubygems 4
Gem::Platform.match called from /opt/.gem/gems/bundler-2.1.4/lib/bundler/index.rb:198.
[0m[91mNOTE: Gem::Platform.match is deprecated; use Gem::Platform.match_spec? or match_gem? instead. It will be removed in Rubygems 4
Gem::Platform.match called from /opt/.gem/gems/bundler-2.1.4/lib/bundler/index.rb:198.
[0m[91mNOTE: Gem::Platform.match is deprecated; use Gem::Platform.match_spec? or match_gem? instead. It will be removed in Rubygems 4
Gem::Platform.match called from /opt/.gem/gems/bundler-2.1.4/lib/bundler/index.rb:198.
[0m[91mNOTE: Gem::Platform.match is deprecated; use Gem::Platform.match_spec? or match_gem? instead. It will be removed in Rubygems 4
Gem::Platform.match called from /opt/.gem/gems/bundler-2.1.4/lib/bundler/index.rb:198.
[0m[91mNOTE: Gem::Platform.match is deprecated; use Gem::Platform.match_spec? or match_gem? instead. It will be removed in Rubygems 4
Gem::Platform.match called from /opt/.gem/gems/bundler-2.1.4/lib/bundler/index.rb:198.
[0m[91mNOTE: Gem::Platform.match is deprecated; use Gem::Platform.match_spec? or match_gem? instead. It will be removed in Rubygems 4
Gem::Platform.match called from /opt/.gem/gems/bundler-2.1.4/lib/bundler/index.rb:198.
[0m[91mNOTE: Gem::Platform.match is deprecated; use Gem::Platform.match_spec? or match_gem? instead. It will be removed in Rubygems 4
Gem::Platform.match called from /opt/.gem/gems/bundler-2.1.4/lib/bundler/index.rb:198.
NOTE: Gem::Platform.match is deprecated; use Gem::Platform.match_spec? or match_gem? instead. It will be removed in Rubygems 4
Gem::Platform.match called from /opt/.gem/gems/bundler-2.1.4/lib/bundler/index.rb:198.
[0m[91mNOTE: Gem::Platform.match is deprecated; use Gem::Platform.match_spec? or match_gem? instead. It will be removed in Rubygems 4
Gem::Platform.match called from /opt/.gem/gems/bundler-2.1.4/lib/bundler/index.rb:198.
[0m[91mNOTE: Gem::Platform.match is deprecated; use Gem::Platform.match_spec? or match_gem? instead. It will be removed in Rubygems 4
Gem::Platform.match called from /opt/.gem/gems/bundler-2.1.4/lib/bundler/index.rb:198.
NOTE: Gem::Platform.match is deprecated; use Gem::Platform.match_spec? or match_gem? instead. It will be removed in Rubygems 4
Gem::Platform.match called from /opt/.gem/gems/bundler-2.1.4/lib/bundler/index.rb:198.
[0m[91mNOTE: Gem::Platform.match is deprecated; use Gem::Platform.match_spec? or match_gem? instead. It will be removed in Rubygems 4
Gem::Platform.match called from /opt/.gem/gems/bundler-2.1.4/lib/bundler/index.rb:198.
NOTE: Gem::Platform.match is deprecated; use Gem::Platform.match_spec? or match_gem? instead. It will be removed in Rubygems 4
Gem::Platform.match called from /opt/.gem/gems/bundler-2.1.4/lib/bundler/index.rb:198.
[0m[91mNOTE: Gem::Platform.match is deprecated; use Gem::Platform.match_spec? or match_gem? instead. It will be removed in Rubygems 4
Gem::Platform.match called from /opt/.gem/gems/bundler-2.1.4/lib/bundler/index.rb:198.
[0m[91mNOTE: Gem::Platform.match is deprecated; use Gem::Platform.match_spec? or match_gem? instead. It will be removed in Rubygems 4
Gem::Platform.match called from /opt/.gem/gems/bundler-2.1.4/lib/bundler/index.rb:198.
NOTE: Gem::Platform.match is deprecated; use Gem::Platform.match_spec? or match_gem? instead. It will be removed in Rubygems 4
Gem::Platform.match called from /opt/.gem/gems/bundler-2.1.4/lib/bundler/index.rb:198.
[0m[91mNOTE: Gem::Platform.match is deprecated; use Gem::Platform.match_spec? or match_gem? instead. It will be removed in Rubygems 4
Gem::Platform.match called from /opt/.gem/gems/bundler-2.1.4/lib/bundler/index.rb:198.
[0m[91mNOTE: Gem::Platform.match is deprecated; use Gem::Platform.match_spec? or match_gem? instead. It will be removed in Rubygems 4
Gem::Platform.match called from /opt/.gem/gems/bundler-2.1.4/lib/bundler/index.rb:198.
[0m[91mNOTE: Gem::Platform.match is deprecated; use Gem::Platform.match_spec? or match_gem? instead. It will be removed in Rubygems 4
Gem::Platform.match called from /opt/.gem/gems/bundler-2.1.4/lib/bundler/index.rb:198.
[0m[91mNOTE: Gem::Platform.match is deprecated; use Gem::Platform.match_spec? or match_gem? instead. It will be removed in Rubygems 4
Gem::Platform.match called from /opt/.gem/gems/bundler-2.1.4/lib/bundler/index.rb:198.
[0m[91mNOTE: Gem::Platform.match is deprecated; use Gem::Platform.match_spec? or match_gem? instead. It will be removed in Rubygems 4
Gem::Platform.match called from /opt/.gem/gems/bundler-2.1.4/lib/bundler/index.rb:198.
[0m[91mNOTE: Gem::Platform.match is deprecated; use Gem::Platform.match_spec? or match_gem? instead. It will be removed in Rubygems 4
Gem::Platform.match called from /opt/.gem/gems/bundler-2.1.4/lib/bundler/index.rb:198.
[0m[91mNOTE: Gem::Platform.match is deprecated; use Gem::Platform.match_spec? or match_gem? instead. It will be removed in Rubygems 4
Gem::Platform.match called from /opt/.gem/gems/bundler-2.1.4/lib/bundler/index.rb:198.
[0m[91mNOTE: Gem::Platform.match is deprecated; use Gem::Platform.match_spec? or match_gem? instead. It will be removed in Rubygems 4
Gem::Platform.match called from /opt/.gem/gems/bundler-2.1.4/lib/bundler/index.rb:198.
[0m[91mNOTE: Gem::Platform.match is deprecated; use Gem::Platform.match_spec? or match_gem? instead. It will be removed in Rubygems 4
Gem::Platform.match called from /opt/.gem/gems/bundler-2.1.4/lib/bundler/index.rb:198.
[0m[91mNOTE: Gem::Platform.match is deprecated; use Gem::Platform.match_spec? or match_gem? instead. It will be removed in Rubygems 4
Gem::Platform.match called from /opt/.gem/gems/bundler-2.1.4/lib/bundler/index.rb:198.
[0m[91mNOTE: Gem::Platform.match is deprecated; use Gem::Platform.match_spec? or match_gem? instead. It will be removed in Rubygems 4
Gem::Platform.match called from /opt/.gem/gems/bundler-2.1.4/lib/bundler/index.rb:198.
[0m[91mNOTE: Gem::Platform.match is deprecated; use Gem::Platform.match_spec? or match_gem? instead. It will be removed in Rubygems 4
Gem::Platform.match called from /opt/.gem/gems/bundler-2.1.4/lib/bundler/index.rb:198.
[0m[91mNOTE: Gem::Platform.match is deprecated; use Gem::Platform.match_spec? or match_gem? instead. It will be removed in Rubygems 4
Gem::Platform.match called from /opt/.gem/gems/bundler-2.1.4/lib/bundler/index.rb:198.
NOTE: Gem::Platform.match is deprecated; use Gem::Platform.match_spec? or match_gem? instead. It will be removed in Rubygems 4
Gem::Platform.match called from /opt/.gem/gems/bundler-2.1.4/lib/bundler/index.rb:198.
[0m[91mNOTE: Gem::Platform.match is deprecated; use Gem::Platform.match_spec? or match_gem? instead. It will be removed in Rubygems 4
Gem::Platform.match called from /opt/.gem/gems/bundler-2.1.4/lib/bundler/index.rb:198.
NOTE: Gem::Platform.match is deprecated; use Gem::Platform.match_spec? or match_gem? instead. It will be removed in Rubygems 4
Gem::Platform.match called from /opt/.gem/gems/bundler-2.1.4/lib/bundler/index.rb:198.
[0m[91mNOTE: Gem::Platform.match is deprecated; use Gem::Platform.match_spec? or match_gem? instead. It will be removed in Rubygems 4
Gem::Platform.match called from /opt/.gem/gems/bundler-2.1.4/lib/bundler/index.rb:198.
[0m[91mNOTE: Gem::Platform.match is deprecated; use Gem::Platform.match_spec? or match_gem? instead. It will be removed in Rubygems 4
Gem::Platform.match called from /opt/.gem/gems/bundler-2.1.4/lib/bundler/index.rb:198.
[0m[91mNOTE: Gem::Platform.match is deprecated; use Gem::Platform.match_spec? or match_gem? instead. It will be removed in Rubygems 4
Gem::Platform.match called from /opt/.gem/gems/bundler-2.1.4/lib/bundler/index.rb:198.
[0m[91mNOTE: Gem::Platform.match is deprecated; use Gem::Platform.match_spec? or match_gem? instead. It will be removed in Rubygems 4
Gem::Platform.match called from /opt/.gem/gems/bundler-2.1.4/lib/bundler/index.rb:198.
[0m[91mNOTE: Gem::Platform.match is deprecated; use Gem::Platform.match_spec? or match_gem? instead. It will be removed in Rubygems 4
Gem::Platform.match called from /opt/.gem/gems/bundler-2.1.4/lib/bundler/index.rb:198.
[0m[91mNOTE: Gem::Platform.match is deprecated; use Gem::Platform.match_spec? or match_gem? instead. It will be removed in Rubygems 4
Gem::Platform.match called from /opt/.gem/gems/bundler-2.1.4/lib/bundler/index.rb:198.
[0m[91mNOTE: Gem::Platform.match is deprecated; use Gem::Platform.match_spec? or match_gem? instead. It will be removed in Rubygems 4
Gem::Platform.match called from /opt/.gem/gems/bundler-2.1.4/lib/bundler/index.rb:198.
[0m[91mNOTE: Gem::Platform.match is deprecated; use Gem::Platform.match_spec? or match_gem? instead. It will be removed in Rubygems 4
Gem::Platform.match called from /opt/.gem/gems/bundler-2.1.4/lib/bundler/index.rb:198.
[0m[91mNOTE: Gem::Platform.match is deprecated; use Gem::Platform.match_spec? or match_gem? instead. It will be removed in Rubygems 4
Gem::Platform.match called from /opt/.gem/gems/bundler-2.1.4/lib/bundler/index.rb:198.
NOTE: Gem::Platform.match is deprecated; use Gem::Platform.match_spec? or match_gem? instead. It will be removed in Rubygems 4
Gem::Platform.match called from /opt/.gem/gems/bundler-2.1.4/lib/bundler/index.rb:198.
[0m[91mNOTE: Gem::Platform.match is deprecated; use Gem::Platform.match_spec? or match_gem? instead. It will be removed in Rubygems 4
Gem::Platform.match called from /opt/.gem/gems/bundler-2.1.4/lib/bundler/index.rb:198.
[0m[91mNOTE: Gem::Platform.match is deprecated; use Gem::Platform.match_spec? or match_gem? instead. It will be removed in Rubygems 4
Gem::Platform.match called from /opt/.gem/gems/bundler-2.1.4/lib/bundler/index.rb:198.
NOTE: Gem::Platform.match is deprecated; use Gem::Platform.match_spec? or match_gem? instead. It will be removed in Rubygems 4
Gem::Platform.match called from /opt/.gem/gems/bundler-2.1.4/lib/bundler/index.rb:198.
[0m[91mNOTE: Gem::Platform.match is deprecated; use Gem::Platform.match_spec? or match_gem? instead. It will be removed in Rubygems 4
Gem::Platform.match called from /opt/.gem/gems/bundler-2.1.4/lib/bundler/index.rb:198.
NOTE: Gem::Platform.match is deprecated; use Gem::Platform.match_spec? or match_gem? instead. It will be removed in Rubygems 4
Gem::Platform.match called from /opt/.gem/gems/bundler-2.1.4/lib/bundler/index.rb:198.
[0m[91mNOTE: Gem::Platform.match is deprecated; use Gem::Platform.match_spec? or match_gem? instead. It will be removed in Rubygems 4
Gem::Platform.match called from /opt/.gem/gems/bundler-2.1.4/lib/bundler/index.rb:198.
NOTE: Gem::Platform.match is deprecated; use Gem::Platform.match_spec? or match_gem? instead. It will be removed in Rubygems 4
Gem::Platform.match called from /opt/.gem/gems/bundler-2.1.4/lib/bundler/index.rb:198.
[0m[91mNOTE: Gem::Platform.match is deprecated; use Gem::Platform.match_spec? or match_gem? instead. It will be removed in Rubygems 4
Gem::Platform.match called from /opt/.gem/gems/bundler-2.1.4/lib/bundler/index.rb:198.
NOTE: Gem::Platform.match is deprecated; use Gem::Platform.match_spec? or match_gem? instead. It will be removed in Rubygems 4
Gem::Platform.match called from /opt/.gem/gems/bundler-2.1.4/lib/bundler/index.rb:198.
[0m[91mNOTE: Gem::Platform.match is deprecated; use Gem::Platform.match_spec? or match_gem? instead. It will be removed in Rubygems 4
Gem::Platform.match called from /opt/.gem/gems/bundler-2.1.4/lib/bundler/index.rb:198.
[0m[91mNOTE: Gem::Platform.match is deprecated; use Gem::Platform.match_spec? or match_gem? instead. It will be removed in Rubygems 4
Gem::Platform.match called from /opt/.gem/gems/bundler-2.1.4/lib/bundler/index.rb:198.
[0m[91mNOTE: Gem::Platform.match is deprecated; use Gem::Platform.match_spec? or match_gem? instead. It will be removed in Rubygems 4
Gem::Platform.match called from /opt/.gem/gems/bundler-2.1.4/lib/bundler/index.rb:198.
NOTE: Gem::Platform.match is deprecated; use Gem::Platform.match_spec? or match_gem? instead. It will be removed in Rubygems 4
Gem::Platform.match called from /opt/.gem/gems/bundler-2.1.4/lib/bundler/index.rb:198.
[0m[91mNOTE: Gem::Platform.match is deprecated; use Gem::Platform.match_spec? or match_gem? instead. It will be removed in Rubygems 4
Gem::Platform.match called from /opt/.gem/gems/bundler-2.1.4/lib/bundler/index.rb:198.
[0m[91mNOTE: Gem::Platform.match is deprecated; use Gem::Platform.match_spec? or match_gem? instead. It will be removed in Rubygems 4
Gem::Platform.match called from /opt/.gem/gems/bundler-2.1.4/lib/bundler/index.rb:198.
[0m[91mNOTE: Gem::Platform.match is deprecated; use Gem::Platform.match_spec? or match_gem? instead. It will be removed in Rubygems 4
Gem::Platform.match called from /opt/.gem/gems/bundler-2.1.4/lib/bundler/index.rb:198.
[0m[91mNOTE: Gem::Platform.match is deprecated; use Gem::Platform.match_spec? or match_gem? instead. It will be removed in Rubygems 4
Gem::Platform.match called from /opt/.gem/gems/bundler-2.1.4/lib/bundler/index.rb:198.
[0m[91mNOTE: Gem::Platform.match is deprecated; use Gem::Platform.match_spec? or match_gem? instead. It will be removed in Rubygems 4
Gem::Platform.match called from /opt/.gem/gems/bundler-2.1.4/lib/bundler/index.rb:198.
[0m[91mNOTE: Gem::Platform.match is deprecated; use Gem::Platform.match_spec? or match_gem? instead. It will be removed in Rubygems 4
Gem::Platform.match called from /opt/.gem/gems/bundler-2.1.4/lib/bundler/index.rb:198.
[0m[91mNOTE: Gem::Platform.match is deprecated; use Gem::Platform.match_spec? or match_gem? instead. It will be removed in Rubygems 4
Gem::Platform.match called from /opt/.gem/gems/bundler-2.1.4/lib/bundler/index.rb:198.
[0m[91mNOTE: Gem::Platform.match is deprecated; use Gem::Platform.match_spec? or match_gem? instead. It will be removed in Rubygems 4
Gem::Platform.match called from /opt/.gem/gems/bundler-2.1.4/lib/bundler/index.rb:198.
[0m[91mNOTE: Gem::Platform.match is deprecated; use Gem::Platform.match_spec? or match_gem? instead. It will be removed in Rubygems 4
Gem::Platform.match called from /opt/.gem/gems/bundler-2.1.4/lib/bundler/index.rb:198.
[0m[91mNOTE: Gem::Platform.match is deprecated; use Gem::Platform.match_spec? or match_gem? instead. It will be removed in Rubygems 4
Gem::Platform.match called from /opt/.gem/gems/bundler-2.1.4/lib/bundler/index.rb:198.
[0m[91mNOTE: Gem::Platform.match is deprecated; use Gem::Platform.match_spec? or match_gem? instead. It will be removed in Rubygems 4
Gem::Platform.match called from /opt/.gem/gems/bundler-2.1.4/lib/bundler/index.rb:198.
[0m[91mNOTE: Gem::Platform.match is deprecated; use Gem::Platform.match_spec? or match_gem? instead. It will be removed in Rubygems 4
Gem::Platform.match called from /opt/.gem/gems/bundler-2.1.4/lib/bundler/index.rb:198.
[0m[91mNOTE: Gem::Platform.match is deprecated; use Gem::Platform.match_spec? or match_gem? instead. It will be removed in Rubygems 4
Gem::Platform.match called from /opt/.gem/gems/bundler-2.1.4/lib/bundler/index.rb:198.
[0m[91mNOTE: Gem::Platform.match is deprecated; use Gem::Platform.match_spec? or match_gem? instead. It will be removed in Rubygems 4
Gem::Platform.match called from /opt/.gem/gems/bundler-2.1.4/lib/bundler/index.rb:198.
[0m[91mNOTE: Gem::Platform.match is deprecated; use Gem::Platform.match_spec? or match_gem? instead. It will be removed in Rubygems 4
Gem::Platform.match called from /opt/.gem/gems/bundler-2.1.4/lib/bundler/index.rb:198.
[0m[91mNOTE: Gem::Platform.match is deprecated; use Gem::Platform.match_spec? or match_gem? instead. It will be removed in Rubygems 4
Gem::Platform.match called from /opt/.gem/gems/bundler-2.1.4/lib/bundler/index.rb:198.
[0m[91mnokogiri-1.14.5-aarch64-linux requires ruby version < 3.3.dev, >= 2.7, which is
incompatible with the current version, ruby 3.3.8p144
[0mThe command '/bin/sh -c RAILS_ENV=production bundle' returned a non-zero code: 5
